Workbook

Sheet Scores
A1: Manufacturer | B1: Model | C1: Country | D1: Cost | E1: Mass | F1: Repeat | G1: Payload | H1: DoF | I1: Reach | J1: Arms | K1: Prog Methods | L1: ProgScore | M1: Add. Sens | N1: MatHand | O1: Weld | P1: Assembly | Q1: Disp | R1: Proc | S1: Serv | T1: OtherApp | U1: DegAnthro | V1: Maturity | W1: Cost | X1: Mass | Y1: Repeat | Z1: Payload | AA1: DoF | AB1: Reach | AC1: Arms | AD1: Prog | AE1: Sensor | AF1: Hand | AG1: Weld | AH1: Assem | AI1: Disp | AJ1: Proc | AK1: Serv | AL1: Other | AM1: Anthro | AN1: Maturity | AO1: Score | AP1: Score (cost excl)
A2: ABB | B2: GoFa CRB 15000 - 5kg | C2: Switzerland | D2: 30000 | E2: 28 | F2: 0.02 | G2: 5 | H2: 6 | I2: 950 | J2: 1 | K2: propr, mult | L2: {=INDEX(DataValidation!$B$2:$B$11, _xlfn.XMATCH(K2, DataValidation!$A$2:$A$11))} -> 2 | M2: 0 | N2: 1 | O2: 0 | P2: 1 | Q2: 1 | R2: 0 | S2: 0 | T2: 0 | U2: 0 | V2: 2 | W2: =IF(OR(ISBLANK(D2),W$169="N"),0,(W$170-D2)*W$168) -> 2.6666667 | X2: =IF(OR(ISBLANK(E2),X$169="N"),0,(X$170-E2)*X$168) -> 2.88 | Y2: =IF(OR(ISBLANK(F2),Y$169="N"),0,(Y$170-F2)*Y$168) -> 1.6 | Z2: =IF(OR(ISBLANK(G2),Z$169="N"),0,G2*Z$168) -> 1 | AA2: =IF(OR(ISBLANK(H2),AA$169="N"),0,H2*AA$168) -> 3 | AB2: =IF(OR(ISBLANK(I2),AB$169="N"),0,I2*AB$168) -> 3.1666667 | AC2: =IF(OR(ISBLANK(J2),AC$169="N"),0,J2*AC$168) -> 1 | AD2: =IF(OR(ISBLANK(L2),AD$169="N"),0,L2*AD$168) -> 2 | AE2: =IF(OR(ISBLANK(M2),AE$169="N"),0,M2*AE$168) -> 0 | AF2: =IF(OR(ISBLANK(N2),AF$169="N"),0,N2*AF$168) -> 1 | AG2: =IF(OR(ISBLANK(O2),AG$169="N"),0,O2*AG$168) -> 0 | AH2: =IF(OR(ISBLANK(P2),AH$169="N"),0,P2*AH$168) -> 1 | AI2: =IF(OR(ISBLANK(Q2),AI$169="N"),0,Q2*AI$168) -> 1 | AJ2: =IF(OR(ISBLANK(R2),AJ$169="N"),0,R2*AJ$168) -> 0 | AK2: =IF(OR(ISBLANK(S2),AK$169="N"),0,S2*AK$168) -> 0 | ... AN2: =IF(OR(ISBLANK(V2),AN$169="N"),0,V2*AN$168) -> 4 | AO2: =ROUND(SUM(W2:AN2),1) -> 24.3 | AP2: =ROUND(SUM(X2:AN2),1) -> 21.6 | AQ2: =CORREL(AP2:AP162,D2:D162) -> 0.49731769 | AR2: =CORREL(AO2:AO162,D2:D162) -> 0.2027098
A3: ABB | B3: GoFa CRB 15000 - 10kg | C3: Switzerland | D3: 37500 | E3: 48 | F3: 0.02 | G3: 10 | H3: 6 | I3: 1270 | J3: 1 | K3: propr, mult | L3: {=INDEX(DataValidation!$B$2:$B$11, _xlfn.XMATCH(K3, DataValidation!$A$2:$A$11))} -> 2 | M3: 0 | N3: 1 | O3: 0 | P3: 1 | Q3: 1 | R3: 0 | S3: 0 | T3: 0 | U3: 0 | V3: 2 | W3: =IF(OR(ISBLANK(D3),W$169="N"),0,(W$170-D3)*W$168) -> 1.6666667 | X3: =IF(OR(ISBLANK(E3),X$169="N"),0,(X$170-E3)*X$168) -> 2.08 | Y3: =IF(OR(ISBLANK(F3),Y$169="N"),0,(Y$170-F3)*Y$168) -> 1.6 | Z3: =IF(OR(ISBLANK(G3),Z$169="N"),0,G3*Z$168) -> 2 | AA3: =IF(OR(ISBLANK(H3),AA$169="N"),0,H3*AA$168) -> 3 | AB3: =IF(OR(ISBLANK(I3),AB$169="N"),0,I3*AB$168) -> 4.2333333 | AC3: =IF(OR(ISBLANK(J3),AC$169="N"),0,J3*AC$168) -> 1 | AD3: =IF(OR(ISBLANK(L3),AD$169="N"),0,L3*AD$168) -> 2 | AE3: =IF(OR(ISBLANK(M3),AE$169="N"),0,M3*AE$168) -> 0 | AF3: =IF(OR(ISBLANK(N3),AF$169="N"),0,N3*AF$168) -> 1 | AG3: =IF(OR(ISBLANK(O3),AG$169="N"),0,O3*AG$168) -> 0 | AH3: =IF(OR(ISBLANK(P3),AH$169="N"),0,P3*AH$168) -> 1 | AI3: =IF(OR(ISBLANK(Q3),AI$169="N"),0,Q3*AI$168) -> 1 | AJ3: =IF(OR(ISBLANK(R3),AJ$169="N"),0,R3*AJ$168) -> 0 | AK3: =IF(OR(ISBLANK(S3),AK$169="N"),0,S3*AK$168) -> 0 | ... AN3: =IF(OR(ISBLANK(V3),AN$169="N"),0,V3*AN$168) -> 4 | AO3: =ROUND(SUM(W3:AN3),1) -> 24.6 | AP3: =ROUND(SUM(X3:AN3),1) -> 22.9
A4: ABB | B4: GoFa CRB 15000 - 12kg | C4: Switzerland | D4: 37500 | E4: 51 | F4: 0.02 | G4: 12 | H4: 6 | I4: 1520 | J4: 1 | K4: propr, mult | L4: {=INDEX(DataValidation!$B$2:$B$11, _xlfn.XMATCH(K4, DataValidation!$A$2:$A$11))} -> 2 | M4: 0 | N4: 1 | O4: 0 | P4: 1 | Q4: 1 | R4: 0 | S4: 0 | T4: 0 | U4: 0 | V4: 2 | W4: =IF(OR(ISBLANK(D4),W$169="N"),0,(W$170-D4)*W$168) -> 1.6666667 | X4: =IF(OR(ISBLANK(E4),X$169="N"),0,(X$170-E4)*X$168) -> 1.96 | Y4: =IF(OR(ISBLANK(F4),Y$169="N"),0,(Y$170-F4)*Y$168) -> 1.6 | Z4: =IF(OR(ISBLANK(G4),Z$169="N"),0,G4*Z$168) -> 2.4 | AA4: =IF(OR(ISBLANK(H4),AA$169="N"),0,H4*AA$168) -> 3 | AB4: =IF(OR(ISBLANK(I4),AB$169="N"),0,I4*AB$168) -> 5.0666667 | AC4: =IF(OR(ISBLANK(J4),AC$169="N"),0,J4*AC$168) -> 1 | AD4: =IF(OR(ISBLANK(L4),AD$169="N"),0,L4*AD$168) -> 2 | AE4: =IF(OR(ISBLANK(M4),AE$169="N"),0,M4*AE$168) -> 0 | AF4: =IF(OR(ISBLANK(N4),AF$169="N"),0,N4*AF$168) -> 1 | AG4: =IF(OR(ISBLANK(O4),AG$169="N"),0,O4*AG$168) -> 0 | AH4: =IF(OR(ISBLANK(P4),AH$169="N"),0,P4*AH$168) -> 1 | AI4: =IF(OR(ISBLANK(Q4),AI$169="N"),0,Q4*AI$168) -> 1 | AJ4: =IF(OR(ISBLANK(R4),AJ$169="N"),0,R4*AJ$168) -> 0 | AK4: =IF(OR(ISBLANK(S4),AK$169="N"),0,S4*AK$168) -> 0 | ... AN4: =IF(OR(ISBLANK(V4),AN$169="N"),0,V4*AN$168) -> 4 | AO4: =ROUND(SUM(W4:AN4),1) -> 25.7 | AP4: =ROUND(SUM(X4:AN4),1) -> 24
A5: ABB | B5: YuMi IRB 14050 | C5: Switzerland | D5: 31000 | E5: 9.5 | F5: 0.02 | G5: 0.5 | H5: 7 | I5: 559 | J5: 1 | K5: propr, mult | L5: {=INDEX(DataValidation!$B$2:$B$11, _xlfn.XMATCH(K5, DataValidation!$A$2:$A$11))} -> 2 | M5: 0 | N5: 1 | O5: 0 | P5: 1 | Q5: 0 | R5: 0 | S5: 0 | T5: 0 | U5: 0 | V5: 2 | W5: =IF(OR(ISBLANK(D5),W$169="N"),0,(W$170-D5)*W$168) -> 2.5333333 | X5: =IF(OR(ISBLANK(E5),X$169="N"),0,(X$170-E5)*X$168) -> 3.62 | Y5: =IF(OR(ISBLANK(F5),Y$169="N"),0,(Y$170-F5)*Y$168) -> 1.6 | Z5: =IF(OR(ISBLANK(G5),Z$169="N"),0,G5*Z$168) -> 0.1 | AA5: =IF(OR(ISBLANK(H5),AA$169="N"),0,H5*AA$168) -> 3.5 | AB5: =IF(OR(ISBLANK(I5),AB$169="N"),0,I5*AB$168) -> 1.8633333 | AC5: =IF(OR(ISBLANK(J5),AC$169="N"),0,J5*AC$168) -> 1 | AD5: =IF(OR(ISBLANK(L5),AD$169="N"),0,L5*AD$168) -> 2 | AE5: =IF(OR(ISBLANK(M5),AE$169="N"),0,M5*AE$168) -> 0 | AF5: =IF(OR(ISBLANK(N5),AF$169="N"),0,N5*AF$168) -> 1 | AG5: =IF(OR(ISBLANK(O5),AG$169="N"),0,O5*AG$168) -> 0 | AH5: =IF(OR(ISBLANK(P5),AH$169="N"),0,P5*AH$168) -> 1 | AI5: =IF(OR(ISBLANK(Q5),AI$169="N"),0,Q5*AI$168) -> 0 | AJ5: =IF(OR(ISBLANK(R5),AJ$169="N"),0,R5*AJ$168) -> 0 | AK5: =IF(OR(ISBLANK(S5),AK$169="N"),0,S5*AK$168) -> 0 | ... AN5: =IF(OR(ISBLANK(V5),AN$169="N"),0,V5*AN$168) -> 4 | AO5: =ROUND(SUM(W5:AN5),1) -> 22.2 | AP5: =ROUND(SUM(X5:AN5),1) -> 19.7
A6: ABB | B6: YuMi IRB 14000 | C6: Switzerland | D6: 51000 | E6: 38 | F6: 0.02 | G6: 0.5 | H6: 7 | I6: 559 | J6: 2 | K6: propr, mult | L6: {=INDEX(DataValidation!$B$2:$B$11, _xlfn.XMATCH(K6, DataValidation!$A$2:$A$11))} -> 2 | M6: 0 | N6: 1 | O6: 0 | P6: 1 | Q6: 0 | R6: 0 | S6: 0 | T6: 0 | U6: 0 | V6: 2 | W6: =IF(OR(ISBLANK(D6),W$169="N"),0,(W$170-D6)*W$168) -> -0.13333333 | X6: =IF(OR(ISBLANK(E6),X$169="N"),0,(X$170-E6)*X$168) -> 2.48 | Y6: =IF(OR(ISBLANK(F6),Y$169="N"),0,(Y$170-F6)*Y$168) -> 1.6 | Z6: =IF(OR(ISBLANK(G6),Z$169="N"),0,G6*Z$168) -> 0.1 | AA6: =IF(OR(ISBLANK(H6),AA$169="N"),0,H6*AA$168) -> 3.5 | AB6: =IF(OR(ISBLANK(I6),AB$169="N"),0,I6*AB$168) -> 1.8633333 | AC6: =IF(OR(ISBLANK(J6),AC$169="N"),0,J6*AC$168) -> 2 | AD6: =IF(OR(ISBLANK(L6),AD$169="N"),0,L6*AD$168) -> 2 | AE6: =IF(OR(ISBLANK(M6),AE$169="N"),0,M6*AE$168) -> 0 | AF6: =IF(OR(ISBLANK(N6),AF$169="N"),0,N6*AF$168) -> 1 | AG6: =IF(OR(ISBLANK(O6),AG$169="N"),0,O6*AG$168) -> 0 | AH6: =IF(OR(ISBLANK(P6),AH$169="N"),0,P6*AH$168) -> 1 | AI6: =IF(OR(ISBLANK(Q6),AI$169="N"),0,Q6*AI$168) -> 0 | AJ6: =IF(OR(ISBLANK(R6),AJ$169="N"),0,R6*AJ$168) -> 0 | AK6: =IF(OR(ISBLANK(S6),AK$169="N"),0,S6*AK$168) -> 0 | ... AN6: =IF(OR(ISBLANK(V6),AN$169="N"),0,V6*AN$168) -> 4 | AO6: =ROUND(SUM(W6:AN6),1) -> 19.4 | AP6: =ROUND(SUM(X6:AN6),1) -> 19.5
A7: ABB | B7: SWIFTI CRB 1100-4/0.58 | C7: Switzerland | D7: 29300 | E7: 21 | F7: 0.01 | G7: 4 | H7: 6 | I7: 580 | J7: 1 | K7: propr, mult | L7: {=INDEX(DataValidation!$B$2:$B$11, _xlfn.XMATCH(K7, DataValidation!$A$2:$A$11))} -> 2 | M7: 1 | N7: 1 | O7: 0 | P7: 1 | Q7: 0 | R7: 1 | S7: 0 | T7: 0 | U7: 0 | V7: 2 | W7: =IF(OR(ISBLANK(D7),W$169="N"),0,(W$170-D7)*W$168) -> 2.76 | X7: =IF(OR(ISBLANK(E7),X$169="N"),0,(X$170-E7)*X$168) -> 3.16 | Y7: =IF(OR(ISBLANK(F7),Y$169="N"),0,(Y$170-F7)*Y$168) -> 1.8 | Z7: =IF(OR(ISBLANK(G7),Z$169="N"),0,G7*Z$168) -> 0.8 | AA7: =IF(OR(ISBLANK(H7),AA$169="N"),0,H7*AA$168) -> 3 | AB7: =IF(OR(ISBLANK(I7),AB$169="N"),0,I7*AB$168) -> 1.9333333 | AC7: =IF(OR(ISBLANK(J7),AC$169="N"),0,J7*AC$168) -> 1 | AD7: =IF(OR(ISBLANK(L7),AD$169="N"),0,L7*AD$168) -> 2 | AE7: =IF(OR(ISBLANK(M7),AE$169="N"),0,M7*AE$168) -> 1 | AF7: =IF(OR(ISBLANK(N7),AF$169="N"),0,N7*AF$168) -> 1 | AG7: =IF(OR(ISBLANK(O7),AG$169="N"),0,O7*AG$168) -> 0 | AH7: =IF(OR(ISBLANK(P7),AH$169="N"),0,P7*AH$168) -> 1 | AI7: =IF(OR(ISBLANK(Q7),AI$169="N"),0,Q7*AI$168) -> 0 | AJ7: =IF(OR(ISBLANK(R7),AJ$169="N"),0,R7*AJ$168) -> 1 | AK7: =IF(OR(ISBLANK(S7),AK$169="N"),0,S7*AK$168) -> 0 | ... AN7: =IF(OR(ISBLANK(V7),AN$169="N"),0,V7*AN$168) -> 4 | AO7: =ROUND(SUM(W7:AN7),1) -> 24.5 | AP7: =ROUND(SUM(X7:AN7),1) -> 21.7
A8: ABB | B8: SWIFTI CRB 1300-7/1.4 | C8: Switzerland | D8: 34500 | E8: 75 | F8: 0.03 | G8: 7 | H8: 6 | I8: 580 | J8: 1 | K8: propr, mult | L8: {=INDEX(DataValidation!$B$2:$B$11, _xlfn.XMATCH(K8, DataValidation!$A$2:$A$11))} -> 2 | M8: 1 | N8: 1 | O8: 0 | P8: 1 | Q8: 0 | R8: 1 | S8: 0 | T8: 0 | U8: 0 | V8: 2 | W8: =IF(OR(ISBLANK(D8),W$169="N"),0,(W$170-D8)*W$168) -> 2.0666667 | X8: =IF(OR(ISBLANK(E8),X$169="N"),0,(X$170-E8)*X$168) -> 1 | Y8: =IF(OR(ISBLANK(F8),Y$169="N"),0,(Y$170-F8)*Y$168) -> 1.4 | Z8: =IF(OR(ISBLANK(G8),Z$169="N"),0,G8*Z$168) -> 1.4 | AA8: =IF(OR(ISBLANK(H8),AA$169="N"),0,H8*AA$168) -> 3 | AB8: =IF(OR(ISBLANK(I8),AB$169="N"),0,I8*AB$168) -> 1.9333333 | AC8: =IF(OR(ISBLANK(J8),AC$169="N"),0,J8*AC$168) -> 1 | AD8: =IF(OR(ISBLANK(L8),AD$169="N"),0,L8*AD$168) -> 2 | AE8: =IF(OR(ISBLANK(M8),AE$169="N"),0,M8*AE$168) -> 1 | AF8: =IF(OR(ISBLANK(N8),AF$169="N"),0,N8*AF$168) -> 1 | AG8: =IF(OR(ISBLANK(O8),AG$169="N"),0,O8*AG$168) -> 0 | AH8: =IF(OR(ISBLANK(P8),AH$169="N"),0,P8*AH$168) -> 1 | AI8: =IF(OR(ISBLANK(Q8),AI$169="N"),0,Q8*AI$168) -> 0 | AJ8: =IF(OR(ISBLANK(R8),AJ$169="N"),0,R8*AJ$168) -> 1 | AK8: =IF(OR(ISBLANK(S8),AK$169="N"),0,S8*AK$168) -> 0 | ... AN8: =IF(OR(ISBLANK(V8),AN$169="N"),0,V8*AN$168) -> 4 | AO8: =ROUND(SUM(W8:AN8),1) -> 21.8 | AP8: =ROUND(SUM(X8:AN8),1) -> 19.7
A9: ABB | B9: SWIFTI CRB 1300-10/1.15 | C9: Switzerland | D9: 34500 | E9: 77 | F9: 0.023 | G9: 10 | H9: 6 | I9: 1150 | J9: 1 | K9: propr, mult | L9: {=INDEX(DataValidation!$B$2:$B$11, _xlfn.XMATCH(K9, DataValidation!$A$2:$A$11))} -> 2 | M9: 1 | N9: 1 | O9: 0 | P9: 1 | Q9: 0 | R9: 1 | S9: 0 | T9: 0 | U9: 0 | V9: 2 | W9: =IF(OR(ISBLANK(D9),W$169="N"),0,(W$170-D9)*W$168) -> 2.0666667 | X9: =IF(OR(ISBLANK(E9),X$169="N"),0,(X$170-E9)*X$168) -> 0.92 | Y9: =IF(OR(ISBLANK(F9),Y$169="N"),0,(Y$170-F9)*Y$168) -> 1.54 | Z9: =IF(OR(ISBLANK(G9),Z$169="N"),0,G9*Z$168) -> 2 | AA9: =IF(OR(ISBLANK(H9),AA$169="N"),0,H9*AA$168) -> 3 | AB9: =IF(OR(ISBLANK(I9),AB$169="N"),0,I9*AB$168) -> 3.8333333 | AC9: =IF(OR(ISBLANK(J9),AC$169="N"),0,J9*AC$168) -> 1 | AD9: =IF(OR(ISBLANK(L9),AD$169="N"),0,L9*AD$168) -> 2 | AE9: =IF(OR(ISBLANK(M9),AE$169="N"),0,M9*AE$168) -> 1 | AF9: =IF(OR(ISBLANK(N9),AF$169="N"),0,N9*AF$168) -> 1 | AG9: =IF(OR(ISBLANK(O9),AG$169="N"),0,O9*AG$168) -> 0 | AH9: =IF(OR(ISBLANK(P9),AH$169="N"),0,P9*AH$168) -> 1 | AI9: =IF(OR(ISBLANK(Q9),AI$169="N"),0,Q9*AI$168) -> 0 | AJ9: =IF(OR(ISBLANK(R9),AJ$169="N"),0,R9*AJ$168) -> 1 | AK9: =IF(OR(ISBLANK(S9),AK$169="N"),0,S9*AK$168) -> 0 | ... AN9: =IF(OR(ISBLANK(V9),AN$169="N"),0,V9*AN$168) -> 4 | AO9: =ROUND(SUM(W9:AN9),1) -> 24.4 | AP9: =ROUND(SUM(X9:AN9),1) -> 22.3
A10: ABB | B10: SWIFTI CRB 1300-11/0.9 | C10: Switzerland | D10: 34500 | E10: 79 | F10: 0.02 | G10: 11 | H10: 6 | I10: 900 | J10: 1 | K10: propr, mult | L10: {=INDEX(DataValidation!$B$2:$B$11, _xlfn.XMATCH(K10, DataValidation!$A$2:$A$11))} -> 2 | M10: 1 | N10: 1 | O10: 0 | P10: 1 | Q10: 0 | R10: 1 | S10: 0 | T10: 0 | U10: 0 | V10: 2 | W10: =IF(OR(ISBLANK(D10),W$169="N"),0,(W$170-D10)*W$168) -> 2.0666667 | X10: =IF(OR(ISBLANK(E10),X$169="N"),0,(X$170-E10)*X$168) -> 0.84 | Y10: =IF(OR(ISBLANK(F10),Y$169="N"),0,(Y$170-F10)*Y$168) -> 1.6 | Z10: =IF(OR(ISBLANK(G10),Z$169="N"),0,G10*Z$168) -> 2.2 | AA10: =IF(OR(ISBLANK(H10),AA$169="N"),0,H10*AA$168) -> 3 | AB10: =IF(OR(ISBLANK(I10),AB$169="N"),0,I10*AB$168) -> 3 | AC10: =IF(OR(ISBLANK(J10),AC$169="N"),0,J10*AC$168) -> 1 | AD10: =IF(OR(ISBLANK(L10),AD$169="N"),0,L10*AD$168) -> 2 | AE10: =IF(OR(ISBLANK(M10),AE$169="N"),0,M10*AE$168) -> 1 | AF10: =IF(OR(ISBLANK(N10),AF$169="N"),0,N10*AF$168) -> 1 | AG10: =IF(OR(ISBLANK(O10),AG$169="N"),0,O10*AG$168) -> 0 | AH10: =IF(OR(ISBLANK(P10),AH$169="N"),0,P10*AH$168) -> 1 | AI10: =IF(OR(ISBLANK(Q10),AI$169="N"),0,Q10*AI$168) -> 0 | AJ10: =IF(OR(ISBLANK(R10),AJ$169="N"),0,R10*AJ$168) -> 1 | AK10: =IF(OR(ISBLANK(S10),AK$169="N"),0,S10*AK$168) -> 0 | ... AN10: =IF(OR(ISBLANK(V10),AN$169="N"),0,V10*AN$168) -> 4 | AO10: =ROUND(SUM(W10:AN10),1) -> 23.7 | AP10: =ROUND(SUM(X10:AN10),1) -> 21.6
A11: Agile Robots | B11: Yu 5 Industiral | C11: Germany | D11: 27000 | E11: 31.5 | F11: 0.05 | G11: 7 | H11: 6 | I11: 1000 | J11: 1 | K11: propr, open, mult | L11: {=INDEX(DataValidation!$B$2:$B$11, _xlfn.XMATCH(K11, DataValidation!$A$2:$A$11))} -> 3 | M11: 0 | N11: 1 | O11: 1 | P11: 1 | Q11: 1 | R11: 1 | S11: 0 | T11: 0 | U11: 0 | V11: 2 | W11: =IF(OR(ISBLANK(D11),W$169="N"),0,(W$170-D11)*W$168) -> 3.0666667 | X11: =IF(OR(ISBLANK(E11),X$169="N"),0,(X$170-E11)*X$168) -> 2.74 | Y11: =IF(OR(ISBLANK(F11),Y$169="N"),0,(Y$170-F11)*Y$168) -> 1 | Z11: =IF(OR(ISBLANK(G11),Z$169="N"),0,G11*Z$168) -> 1.4 | AA11: =IF(OR(ISBLANK(H11),AA$169="N"),0,H11*AA$168) -> 3 | AB11: =IF(OR(ISBLANK(I11),AB$169="N"),0,I11*AB$168) -> 3.3333333 | AC11: =IF(OR(ISBLANK(J11),AC$169="N"),0,J11*AC$168) -> 1 | AD11: =IF(OR(ISBLANK(L11),AD$169="N"),0,L11*AD$168) -> 3 | AE11: =IF(OR(ISBLANK(M11),AE$169="N"),0,M11*AE$168) -> 0 | AF11: =IF(OR(ISBLANK(N11),AF$169="N"),0,N11*AF$168) -> 1 | AG11: =IF(OR(ISBLANK(O11),AG$169="N"),0,O11*AG$168) -> 1 | AH11: =IF(OR(ISBLANK(P11),AH$169="N"),0,P11*AH$168) -> 1 | AI11: =IF(OR(ISBLANK(Q11),AI$169="N"),0,Q11*AI$168) -> 1 | AJ11: =IF(OR(ISBLANK(R11),AJ$169="N"),0,R11*AJ$168) -> 1 | AK11: =IF(OR(ISBLANK(S11),AK$169="N"),0,S11*AK$168) -> 0 | ... AN11: =IF(OR(ISBLANK(V11),AN$169="N"),0,V11*AN$168) -> 4 | AO11: =ROUND(SUM(W11:AN11),1) -> 27.5 | AP11: =ROUND(SUM(X11:AN11),1) -> 24.5
A12: AUBO Robotics | B12: AUBO i3 | C12: USA | D12: 18000 | E12: 16 | F12: 0.05 | G12: 3 | H12: 6 | I12: 625 | J12: 1 | K12: open, mult | L12: {=INDEX(DataValidation!$B$2:$B$11, _xlfn.XMATCH(K12, DataValidation!$A$2:$A$11))} -> 3 | M12: 0 | N12: 1 | O12: 0 | P12: 1 | Q12: 1 | R12: 1 | S12: 1 | T12: 1 | U12: 0 | V12: 2 | W12: =IF(OR(ISBLANK(D12),W$169="N"),0,(W$170-D12)*W$168) -> 4.2666667 | X12: =IF(OR(ISBLANK(E12),X$169="N"),0,(X$170-E12)*X$168) -> 3.36 | Y12: =IF(OR(ISBLANK(F12),Y$169="N"),0,(Y$170-F12)*Y$168) -> 1 | Z12: =IF(OR(ISBLANK(G12),Z$169="N"),0,G12*Z$168) -> 0.6 | AA12: =IF(OR(ISBLANK(H12),AA$169="N"),0,H12*AA$168) -> 3 | AB12: =IF(OR(ISBLANK(I12),AB$169="N"),0,I12*AB$168) -> 2.0833333 | AC12: =IF(OR(ISBLANK(J12),AC$169="N"),0,J12*AC$168) -> 1 | AD12: =IF(OR(ISBLANK(L12),AD$169="N"),0,L12*AD$168) -> 3 | AE12: =IF(OR(ISBLANK(M12),AE$169="N"),0,M12*AE$168) -> 0 | AF12: =IF(OR(ISBLANK(N12),AF$169="N"),0,N12*AF$168) -> 1 | AG12: =IF(OR(ISBLANK(O12),AG$169="N"),0,O12*AG$168) -> 0 | AH12: =IF(OR(ISBLANK(P12),AH$169="N"),0,P12*AH$168) -> 1 | AI12: =IF(OR(ISBLANK(Q12),AI$169="N"),0,Q12*AI$168) -> 1 | AJ12: =IF(OR(ISBLANK(R12),AJ$169="N"),0,R12*AJ$168) -> 1 | AK12: =IF(OR(ISBLANK(S12),AK$169="N"),0,S12*AK$168) -> 0.5 | ... AN12: =IF(OR(ISBLANK(V12),AN$169="N"),0,V12*AN$168) -> 4 | AO12: =ROUND(SUM(W12:AN12),1) -> 27.3 | AP12: =ROUND(SUM(X12:AN12),1) -> 23
A13: AUBO Robotics | B13: AUBO i5 | C13: USA | D13: 18000 | E13: 24 | F13: 0.05 | G13: 5 | H13: 6 | I13: 886.5 | J13: 1 | K13: open, mult | L13: {=INDEX(DataValidation!$B$2:$B$11, _xlfn.XMATCH(K13, DataValidation!$A$2:$A$11))} -> 3 | M13: 0 | N13: 1 | O13: 0 | P13: 1 | Q13: 1 | R13: 1 | S13: 1 | T13: 1 | U13: 0 | V13: 2 | W13: =IF(OR(ISBLANK(D13),W$169="N"),0,(W$170-D13)*W$168) -> 4.2666667 | X13: =IF(OR(ISBLANK(E13),X$169="N"),0,(X$170-E13)*X$168) -> 3.04 | Y13: =IF(OR(ISBLANK(F13),Y$169="N"),0,(Y$170-F13)*Y$168) -> 1 | Z13: =IF(OR(ISBLANK(G13),Z$169="N"),0,G13*Z$168) -> 1 | AA13: =IF(OR(ISBLANK(H13),AA$169="N"),0,H13*AA$168) -> 3 | AB13: =IF(OR(ISBLANK(I13),AB$169="N"),0,I13*AB$168) -> 2.955 | AC13: =IF(OR(ISBLANK(J13),AC$169="N"),0,J13*AC$168) -> 1 | AD13: =IF(OR(ISBLANK(L13),AD$169="N"),0,L13*AD$168) -> 3 | AE13: =IF(OR(ISBLANK(M13),AE$169="N"),0,M13*AE$168) -> 0 | AF13: =IF(OR(ISBLANK(N13),AF$169="N"),0,N13*AF$168) -> 1 | AG13: =IF(OR(ISBLANK(O13),AG$169="N"),0,O13*AG$168) -> 0 | AH13: =IF(OR(ISBLANK(P13),AH$169="N"),0,P13*AH$168) -> 1 | AI13: =IF(OR(ISBLANK(Q13),AI$169="N"),0,Q13*AI$168) -> 1 | AJ13: =IF(OR(ISBLANK(R13),AJ$169="N"),0,R13*AJ$168) -> 1 | AK13: =IF(OR(ISBLANK(S13),AK$169="N"),0,S13*AK$168) -> 0.5 | ... AN13: =IF(OR(ISBLANK(V13),AN$169="N"),0,V13*AN$168) -> 4 | AO13: =ROUND(SUM(W13:AN13),1) -> 28.3 | AP13: =ROUND(SUM(X13:AN13),1) -> 24
A14: AUBO Robotics | B14: AUBO i10 | C14: USA | D14: 20000 | E14: 38.5 | F14: 0.1 | G14: 10 | H14: 6 | I14: 1350 | J14: 1 | K14: open, mult | L14: {=INDEX(DataValidation!$B$2:$B$11, _xlfn.XMATCH(K14, DataValidation!$A$2:$A$11))} -> 3 | M14: 0 | N14: 1 | O14: 0 | P14: 1 | Q14: 1 | R14: 1 | S14: 1 | T14: 1 | U14: 0 | V14: 2 | W14: =IF(OR(ISBLANK(D14),W$169="N"),0,(W$170-D14)*W$168) -> 4 | X14: =IF(OR(ISBLANK(E14),X$169="N"),0,(X$170-E14)*X$168) -> 2.46 | Y14: =IF(OR(ISBLANK(F14),Y$169="N"),0,(Y$170-F14)*Y$168) -> 0 | Z14: =IF(OR(ISBLANK(G14),Z$169="N"),0,G14*Z$168) -> 2 | AA14: =IF(OR(ISBLANK(H14),AA$169="N"),0,H14*AA$168) -> 3 | AB14: =IF(OR(ISBLANK(I14),AB$169="N"),0,I14*AB$168) -> 4.5 | AC14: =IF(OR(ISBLANK(J14),AC$169="N"),0,J14*AC$168) -> 1 | AD14: =IF(OR(ISBLANK(L14),AD$169="N"),0,L14*AD$168) -> 3 | AE14: =IF(OR(ISBLANK(M14),AE$169="N"),0,M14*AE$168) -> 0 | AF14: =IF(OR(ISBLANK(N14),AF$169="N"),0,N14*AF$168) -> 1 | AG14: =IF(OR(ISBLANK(O14),AG$169="N"),0,O14*AG$168) -> 0 | AH14: =IF(OR(ISBLANK(P14),AH$169="N"),0,P14*AH$168) -> 1 | AI14: =IF(OR(ISBLANK(Q14),AI$169="N"),0,Q14*AI$168) -> 1 | AJ14: =IF(OR(ISBLANK(R14),AJ$169="N"),0,R14*AJ$168) -> 1 | AK14: =IF(OR(ISBLANK(S14),AK$169="N"),0,S14*AK$168) -> 0.5 | ... AN14: =IF(OR(ISBLANK(V14),AN$169="N"),0,V14*AN$168) -> 4 | AO14: =ROUND(SUM(W14:AN14),1) -> 29 | AP14: =ROUND(SUM(X14:AN14),1) -> 25
... A16: AUBO Robotics | B16: AUBO i20 | C16: USA | D16: 30000 | E16: 63 | F16: 0.1 | G16: 20 | H16: 6 | I16: 1650 | J16: 1 | K16: open, mult | L16: {=INDEX(DataValidation!$B$2:$B$11, _xlfn.XMATCH(K16, DataValidation!$A$2:$A$11))} -> 3 | M16: 0 | N16: 1 | O16: 0 | P16: 1 | Q16: 1 | R16: 1 | S16: 1 | T16: 1 | U16: 0 | V16: 2 | W16: =IF(OR(ISBLANK(D16),W$169="N"),0,(W$170-D16)*W$168) -> 2.6666667 | X16: =IF(OR(ISBLANK(E16),X$169="N"),0,(X$170-E16)*X$168) -> 1.48 | Y16: =IF(OR(ISBLANK(F16),Y$169="N"),0,(Y$170-F16)*Y$168) -> 0 | Z16: =IF(OR(ISBLANK(G16),Z$169="N"),0,G16*Z$168) -> 4 | AA16: =IF(OR(ISBLANK(H16),AA$169="N"),0,H16*AA$168) -> 3 | AB16: =IF(OR(ISBLANK(I16),AB$169="N"),0,I16*AB$168) -> 5.5 | AC16: =IF(OR(ISBLANK(J16),AC$169="N"),0,J16*AC$168) -> 1 | AD16: =IF(OR(ISBLANK(L16),AD$169="N"),0,L16*AD$168) -> 3 | AE16: =IF(OR(ISBLANK(M16),AE$169="N"),0,M16*AE$168) -> 0 | AF16: =IF(OR(ISBLANK(N16),AF$169="N"),0,N16*AF$168) -> 1 | AG16: =IF(OR(ISBLANK(O16),AG$169="N"),0,O16*AG$168) -> 0 | AH16: =IF(OR(ISBLANK(P16),AH$169="N"),0,P16*AH$168) -> 1 | AI16: =IF(OR(ISBLANK(Q16),AI$169="N"),0,Q16*AI$168) -> 1 | AJ16: =IF(OR(ISBLANK(R16),AJ$169="N"),0,R16*AJ$168) -> 1 | AK16: =IF(OR(ISBLANK(S16),AK$169="N"),0,S16*AK$168) -> 0.5 | ... AN16: =IF(OR(ISBLANK(V16),AN$169="N"),0,V16*AN$168) -> 4 | AO16: =ROUND(SUM(W16:AN16),1) -> 29.6 | AP16: =ROUND(SUM(X16:AN16),1) -> 27
A17: Brooks Automation | B17: PreciseFlex DDR 4 | C17: USA | E17: 46 | F17: 0.02 | G17: 8 | H17: 4 | I17: 1793 | J17: 1 | K17: propr, mult | L17: {=INDEX(DataValidation!$B$2:$B$11, _xlfn.XMATCH(K17, DataValidation!$A$2:$A$11))} -> 2 | M17: 0 | N17: 1 | O17: 0 | P17: 1 | Q17: 1 | R17: 1 | S17: 0 | T17: 1 | U17: 0 | V17: 2 | W17: =IF(OR(ISBLANK(D17),W$169="N"),0,(W$170-D17)*W$168) -> 0 | X17: =IF(OR(ISBLANK(E17),X$169="N"),0,(X$170-E17)*X$168) -> 2.16 | Y17: =IF(OR(ISBLANK(F17),Y$169="N"),0,(Y$170-F17)*Y$168) -> 1.6 | Z17: =IF(OR(ISBLANK(G17),Z$169="N"),0,G17*Z$168) -> 1.6 | AA17: =IF(OR(ISBLANK(H17),AA$169="N"),0,H17*AA$168) -> 2 | AB17: =IF(OR(ISBLANK(I17),AB$169="N"),0,I17*AB$168) -> 5.9766667 | AC17: =IF(OR(ISBLANK(J17),AC$169="N"),0,J17*AC$168) -> 1 | AD17: =IF(OR(ISBLANK(L17),AD$169="N"),0,L17*AD$168) -> 2 | AE17: =IF(OR(ISBLANK(M17),AE$169="N"),0,M17*AE$168) -> 0 | AF17: =IF(OR(ISBLANK(N17),AF$169="N"),0,N17*AF$168) -> 1 | AG17: =IF(OR(ISBLANK(O17),AG$169="N"),0,O17*AG$168) -> 0 | AH17: =IF(OR(ISBLANK(P17),AH$169="N"),0,P17*AH$168) -> 1 | AI17: =IF(OR(ISBLANK(Q17),AI$169="N"),0,Q17*AI$168) -> 1 | AJ17: =IF(OR(ISBLANK(R17),AJ$169="N"),0,R17*AJ$168) -> 1 | AK17: =IF(OR(ISBLANK(S17),AK$169="N"),0,S17*AK$168) -> 0 | ... AN17: =IF(OR(ISBLANK(V17),AN$169="N"),0,V17*AN$168) -> 4 | AO17: =ROUND(SUM(W17:AN17),1) -> 24.8 | AP17: =ROUND(SUM(X17:AN17),1) -> 24.8
A18: Brooks Automation | B18: PreciseFlex DDR 6 | C18: USA | E18: 46 | F18: 0.02 | G18: 6 | H18: 6 | I18: 1793 | J18: 1 | K18: propr, mult | L18: {=INDEX(DataValidation!$B$2:$B$11, _xlfn.XMATCH(K18, DataValidation!$A$2:$A$11))} -> 2 | M18: 0 | N18: 1 | O18: 0 | P18: 1 | Q18: 1 | R18: 1 | S18: 0 | T18: 1 | U18: 0 | V18: 2 | W18: =IF(OR(ISBLANK(D18),W$169="N"),0,(W$170-D18)*W$168) -> 0 | X18: =IF(OR(ISBLANK(E18),X$169="N"),0,(X$170-E18)*X$168) -> 2.16 | Y18: =IF(OR(ISBLANK(F18),Y$169="N"),0,(Y$170-F18)*Y$168) -> 1.6 | Z18: =IF(OR(ISBLANK(G18),Z$169="N"),0,G18*Z$168) -> 1.2 | AA18: =IF(OR(ISBLANK(H18),AA$169="N"),0,H18*AA$168) -> 3 | AB18: =IF(OR(ISBLANK(I18),AB$169="N"),0,I18*AB$168) -> 5.9766667 | AC18: =IF(OR(ISBLANK(J18),AC$169="N"),0,J18*AC$168) -> 1 | AD18: =IF(OR(ISBLANK(L18),AD$169="N"),0,L18*AD$168) -> 2 | AE18: =IF(OR(ISBLANK(M18),AE$169="N"),0,M18*AE$168) -> 0 | AF18: =IF(OR(ISBLANK(N18),AF$169="N"),0,N18*AF$168) -> 1 | AG18: =IF(OR(ISBLANK(O18),AG$169="N"),0,O18*AG$168) -> 0 | AH18: =IF(OR(ISBLANK(P18),AH$169="N"),0,P18*AH$168) -> 1 | AI18: =IF(OR(ISBLANK(Q18),AI$169="N"),0,Q18*AI$168) -> 1 | AJ18: =IF(OR(ISBLANK(R18),AJ$169="N"),0,R18*AJ$168) -> 1 | AK18: =IF(OR(ISBLANK(S18),AK$169="N"),0,S18*AK$168) -> 0 | ... AN18: =IF(OR(ISBLANK(V18),AN$169="N"),0,V18*AN$168) -> 4 | AO18: =ROUND(SUM(W18:AN18),1) -> 25.4 | AP18: =ROUND(SUM(X18:AN18),1) -> 25.4
A19: Brooks Automation | B19: PreciseFlex 3400 | C19: USA | E19: 20 | F19: 0.09 | G19: 3 | H19: 4 | I19: 587.76 | J19: 1 | K19: propr, mult | L19: {=INDEX(DataValidation!$B$2:$B$11, _xlfn.XMATCH(K19, DataValidation!$A$2:$A$11))} -> 2 | M19: 0 | N19: 1 | O19: 0 | P19: 1 | Q19: 1 | R19: 1 | S19: 0 | T19: 1 | U19: 0 | V19: 2 | W19: =IF(OR(ISBLANK(D19),W$169="N"),0,(W$170-D19)*W$168) -> 0 | X19: =IF(OR(ISBLANK(E19),X$169="N"),0,(X$170-E19)*X$168) -> 3.2 | Y19: =IF(OR(ISBLANK(F19),Y$169="N"),0,(Y$170-F19)*Y$168) -> 0.2 | Z19: =IF(OR(ISBLANK(G19),Z$169="N"),0,G19*Z$168) -> 0.6 | AA19: =IF(OR(ISBLANK(H19),AA$169="N"),0,H19*AA$168) -> 2 | AB19: =IF(OR(ISBLANK(I19),AB$169="N"),0,I19*AB$168) -> 1.9592 | AC19: =IF(OR(ISBLANK(J19),AC$169="N"),0,J19*AC$168) -> 1 | AD19: =IF(OR(ISBLANK(L19),AD$169="N"),0,L19*AD$168) -> 2 | AE19: =IF(OR(ISBLANK(M19),AE$169="N"),0,M19*AE$168) -> 0 | AF19: =IF(OR(ISBLANK(N19),AF$169="N"),0,N19*AF$168) -> 1 | AG19: =IF(OR(ISBLANK(O19),AG$169="N"),0,O19*AG$168) -> 0 | AH19: =IF(OR(ISBLANK(P19),AH$169="N"),0,P19*AH$168) -> 1 | AI19: =IF(OR(ISBLANK(Q19),AI$169="N"),0,Q19*AI$168) -> 1 | AJ19: =IF(OR(ISBLANK(R19),AJ$169="N"),0,R19*AJ$168) -> 1 | AK19: =IF(OR(ISBLANK(S19),AK$169="N"),0,S19*AK$168) -> 0 | ... AN19: =IF(OR(ISBLANK(V19),AN$169="N"),0,V19*AN$168) -> 4 | AO19: =ROUND(SUM(W19:AN19),1) -> 19.5 | AP19: =ROUND(SUM(X19:AN19),1) -> 19.5
A20: Comau | B20: Aura | C20: Italy | E20: 1615 | F20: 0.1 | G20: 170 | H20: 6 | I20: 2790 | J20: 1 | K20: propr | L20: {=INDEX(DataValidation!$B$2:$B$11, _xlfn.XMATCH(K20, DataValidation!$A$2:$A$11))} -> 1 | M20: 0 | N20: 1 | O20: 0 | P20: 0 | Q20: 1 | R20: 0 | S20: 0 | T20: 0 | U20: 0 | V20: 1.5 | W20: =IF(OR(ISBLANK(D20),W$169="N"),0,(W$170-D20)*W$168) -> 0 | X20: =IF(OR(ISBLANK(E20),X$169="N"),0,(X$170-E20)*X$168) -> -60.6 | Y20: =IF(OR(ISBLANK(F20),Y$169="N"),0,(Y$170-F20)*Y$168) -> 0 | Z20: =IF(OR(ISBLANK(G20),Z$169="N"),0,G20*Z$168) -> 34 | AA20: =IF(OR(ISBLANK(H20),AA$169="N"),0,H20*AA$168) -> 3 | AB20: =IF(OR(ISBLANK(I20),AB$169="N"),0,I20*AB$168) -> 9.3 | AC20: =IF(OR(ISBLANK(J20),AC$169="N"),0,J20*AC$168) -> 1 | AD20: =IF(OR(ISBLANK(L20),AD$169="N"),0,L20*AD$168) -> 1 | AE20: =IF(OR(ISBLANK(M20),AE$169="N"),0,M20*AE$168) -> 0 | AF20: =IF(OR(ISBLANK(N20),AF$169="N"),0,N20*AF$168) -> 1 | AG20: =IF(OR(ISBLANK(O20),AG$169="N"),0,O20*AG$168) -> 0 | AH20: =IF(OR(ISBLANK(P20),AH$169="N"),0,P20*AH$168) -> 0 | AI20: =IF(OR(ISBLANK(Q20),AI$169="N"),0,Q20*AI$168) -> 1 | AJ20: =IF(OR(ISBLANK(R20),AJ$169="N"),0,R20*AJ$168) -> 0 | AK20: =IF(OR(ISBLANK(S20),AK$169="N"),0,S20*AK$168) -> 0 | ... AN20: =IF(OR(ISBLANK(V20),AN$169="N"),0,V20*AN$168) -> 3 | AO20: =ROUND(SUM(W20:AN20),1) -> -7.3 | AP20: =ROUND(SUM(X20:AN20),1) -> -7.3
A21: Comau | B21: Racer-5 | C21: Italy | E21: 34 | F21: 0.03 | G21: 5 | H21: 6 | I21: 809 | J21: 1 | K21: propr | L21: {=INDEX(DataValidation!$B$2:$B$11, _xlfn.XMATCH(K21, DataValidation!$A$2:$A$11))} -> 1 | M21: 0 | N21: 1 | P21: 1 | Q21: 1 | R21: 0 | S21: 0 | T21: 0 | U21: 0 | V21: 2 | W21: =IF(OR(ISBLANK(D21),W$169="N"),0,(W$170-D21)*W$168) -> 0 | X21: =IF(OR(ISBLANK(E21),X$169="N"),0,(X$170-E21)*X$168) -> 2.64 | Y21: =IF(OR(ISBLANK(F21),Y$169="N"),0,(Y$170-F21)*Y$168) -> 1.4 | Z21: =IF(OR(ISBLANK(G21),Z$169="N"),0,G21*Z$168) -> 1 | AA21: =IF(OR(ISBLANK(H21),AA$169="N"),0,H21*AA$168) -> 3 | AB21: =IF(OR(ISBLANK(I21),AB$169="N"),0,I21*AB$168) -> 2.6966667 | AC21: =IF(OR(ISBLANK(J21),AC$169="N"),0,J21*AC$168) -> 1 | AD21: =IF(OR(ISBLANK(L21),AD$169="N"),0,L21*AD$168) -> 1 | AE21: =IF(OR(ISBLANK(M21),AE$169="N"),0,M21*AE$168) -> 0 | AF21: =IF(OR(ISBLANK(N21),AF$169="N"),0,N21*AF$168) -> 1 | AG21: =IF(OR(ISBLANK(O21),AG$169="N"),0,O21*AG$168) -> 0 | AH21: =IF(OR(ISBLANK(P21),AH$169="N"),0,P21*AH$168) -> 1 | AI21: =IF(OR(ISBLANK(Q21),AI$169="N"),0,Q21*AI$168) -> 1 | AJ21: =IF(OR(ISBLANK(R21),AJ$169="N"),0,R21*AJ$168) -> 0 | AK21: =IF(OR(ISBLANK(S21),AK$169="N"),0,S21*AK$168) -> 0 | ... AN21: =IF(OR(ISBLANK(V21),AN$169="N"),0,V21*AN$168) -> 4 | AO21: =ROUND(SUM(W21:AN21),1) -> 19.7 | AP21: =ROUND(SUM(X21:AN21),1) -> 19.7
A22: Delta Electronics | B22: Delta D-Bot DC06 | C22: Taiwan | D22: 26900 | E22: 24 | F22: 0.02 | G22: 6 | H22: 6 | I22: 800 | J22: 1 | K22: propr, mult | L22: {=INDEX(DataValidation!$B$2:$B$11, _xlfn.XMATCH(K22, DataValidation!$A$2:$A$11))} -> 2 | M22: 0 | N22: 1 | O22: 1 | P22: 1 | Q22: 1 | R22: 1 | S22: 0 | T22: 0 | U22: 0 | V22: 2 | W22: =IF(OR(ISBLANK(D22),W$169="N"),0,(W$170-D22)*W$168) -> 3.08 | X22: =IF(OR(ISBLANK(E22),X$169="N"),0,(X$170-E22)*X$168) -> 3.04 | Y22: =IF(OR(ISBLANK(F22),Y$169="N"),0,(Y$170-F22)*Y$168) -> 1.6 | Z22: =IF(OR(ISBLANK(G22),Z$169="N"),0,G22*Z$168) -> 1.2 | AA22: =IF(OR(ISBLANK(H22),AA$169="N"),0,H22*AA$168) -> 3 | AB22: =IF(OR(ISBLANK(I22),AB$169="N"),0,I22*AB$168) -> 2.6666667 | AC22: =IF(OR(ISBLANK(J22),AC$169="N"),0,J22*AC$168) -> 1 | AD22: =IF(OR(ISBLANK(L22),AD$169="N"),0,L22*AD$168) -> 2 | AE22: =IF(OR(ISBLANK(M22),AE$169="N"),0,M22*AE$168) -> 0 | AF22: =IF(OR(ISBLANK(N22),AF$169="N"),0,N22*AF$168) -> 1 | AG22: =IF(OR(ISBLANK(O22),AG$169="N"),0,O22*AG$168) -> 1 | AH22: =IF(OR(ISBLANK(P22),AH$169="N"),0,P22*AH$168) -> 1 | AI22: =IF(OR(ISBLANK(Q22),AI$169="N"),0,Q22*AI$168) -> 1 | AJ22: =IF(OR(ISBLANK(R22),AJ$169="N"),0,R22*AJ$168) -> 1 | AK22: =IF(OR(ISBLANK(S22),AK$169="N"),0,S22*AK$168) -> 0 | ... AN22: =IF(OR(ISBLANK(V22),AN$169="N"),0,V22*AN$168) -> 4 | AO22: =ROUND(SUM(W22:AN22),1) -> 26.6 | AP22: =ROUND(SUM(X22:AN22),1) -> 23.5
A23: Delta Electronics | B23: Delta D-Bot DC08 | C23: Taiwan | D23: 31900 | E23: 40 | F23: 0.02 | G23: 8 | H23: 6 | I23: 1300 | J23: 1 | K23: propr, mult | L23: {=INDEX(DataValidation!$B$2:$B$11, _xlfn.XMATCH(K23, DataValidation!$A$2:$A$11))} -> 2 | M23: 0 | N23: 1 | O23: 1 | P23: 1 | Q23: 1 | R23: 1 | S23: 0 | T23: 0 | U23: 0 | V23: 2 | W23: =IF(OR(ISBLANK(D23),W$169="N"),0,(W$170-D23)*W$168) -> 2.4133333 | X23: =IF(OR(ISBLANK(E23),X$169="N"),0,(X$170-E23)*X$168) -> 2.4 | Y23: =IF(OR(ISBLANK(F23),Y$169="N"),0,(Y$170-F23)*Y$168) -> 1.6 | Z23: =IF(OR(ISBLANK(G23),Z$169="N"),0,G23*Z$168) -> 1.6 | AA23: =IF(OR(ISBLANK(H23),AA$169="N"),0,H23*AA$168) -> 3 | AB23: =IF(OR(ISBLANK(I23),AB$169="N"),0,I23*AB$168) -> 4.3333333 | AC23: =IF(OR(ISBLANK(J23),AC$169="N"),0,J23*AC$168) -> 1 | AD23: =IF(OR(ISBLANK(L23),AD$169="N"),0,L23*AD$168) -> 2 | AE23: =IF(OR(ISBLANK(M23),AE$169="N"),0,M23*AE$168) -> 0 | AF23: =IF(OR(ISBLANK(N23),AF$169="N"),0,N23*AF$168) -> 1 | AG23: =IF(OR(ISBLANK(O23),AG$169="N"),0,O23*AG$168) -> 1 | AH23: =IF(OR(ISBLANK(P23),AH$169="N"),0,P23*AH$168) -> 1 | AI23: =IF(OR(ISBLANK(Q23),AI$169="N"),0,Q23*AI$168) -> 1 | AJ23: =IF(OR(ISBLANK(R23),AJ$169="N"),0,R23*AJ$168) -> 1 | AK23: =IF(OR(ISBLANK(S23),AK$169="N"),0,S23*AK$168) -> 0 | ... AN23: =IF(OR(ISBLANK(V23),AN$169="N"),0,V23*AN$168) -> 4 | AO23: =ROUND(SUM(W23:AN23),1) -> 27.3 | AP23: =ROUND(SUM(X23:AN23),1) -> 24.9
A24: Delta Electronics | B24: Delta D-Bot DC10 | C24: Taiwan | D24: 33900 | E24: 39 | F24: 0.02 | G24: 10 | H24: 6 | I24: 1200 | J24: 1 | K24: propr, mult | L24: {=INDEX(DataValidation!$B$2:$B$11, _xlfn.XMATCH(K24, DataValidation!$A$2:$A$11))} -> 2 | M24: 0 | N24: 1 | O24: 1 | P24: 1 | Q24: 1 | R24: 1 | S24: 0 | T24: 0 | U24: 0 | V24: 2 | W24: =IF(OR(ISBLANK(D24),W$169="N"),0,(W$170-D24)*W$168) -> 2.1466667 | X24: =IF(OR(ISBLANK(E24),X$169="N"),0,(X$170-E24)*X$168) -> 2.44 | Y24: =IF(OR(ISBLANK(F24),Y$169="N"),0,(Y$170-F24)*Y$168) -> 1.6 | Z24: =IF(OR(ISBLANK(G24),Z$169="N"),0,G24*Z$168) -> 2 | AA24: =IF(OR(ISBLANK(H24),AA$169="N"),0,H24*AA$168) -> 3 | AB24: =IF(OR(ISBLANK(I24),AB$169="N"),0,I24*AB$168) -> 4 | AC24: =IF(OR(ISBLANK(J24),AC$169="N"),0,J24*AC$168) -> 1 | AD24: =IF(OR(ISBLANK(L24),AD$169="N"),0,L24*AD$168) -> 2 | AE24: =IF(OR(ISBLANK(M24),AE$169="N"),0,M24*AE$168) -> 0 | AF24: =IF(OR(ISBLANK(N24),AF$169="N"),0,N24*AF$168) -> 1 | AG24: =IF(OR(ISBLANK(O24),AG$169="N"),0,O24*AG$168) -> 1 | AH24: =IF(OR(ISBLANK(P24),AH$169="N"),0,P24*AH$168) -> 1 | AI24: =IF(OR(ISBLANK(Q24),AI$169="N"),0,Q24*AI$168) -> 1 | AJ24: =IF(OR(ISBLANK(R24),AJ$169="N"),0,R24*AJ$168) -> 1 | AK24: =IF(OR(ISBLANK(S24),AK$169="N"),0,S24*AK$168) -> 0 | ... AN24: =IF(OR(ISBLANK(V24),AN$169="N"),0,V24*AN$168) -> 4 | AO24: =ROUND(SUM(W24:AN24),1) -> 27.2 | AP24: =ROUND(SUM(X24:AN24),1) -> 25
A25: Delta Electronics | B25: Delta D-Bot DC16 | C25: Taiwan | D25: 38900 | E25: 70 | F25: 0.02 | G25: 16 | H25: 6 | I25: 1600 | J25: 1 | K25: propr, mult | L25: {=INDEX(DataValidation!$B$2:$B$11, _xlfn.XMATCH(K25, DataValidation!$A$2:$A$11))} -> 2 | M25: 0 | N25: 1 | O25: 1 | P25: 1 | Q25: 1 | R25: 1 | S25: 0 | T25: 0 | U25: 0 | V25: 2 | W25: =IF(OR(ISBLANK(D25),W$169="N"),0,(W$170-D25)*W$168) -> 1.48 | X25: =IF(OR(ISBLANK(E25),X$169="N"),0,(X$170-E25)*X$168) -> 1.2 | Y25: =IF(OR(ISBLANK(F25),Y$169="N"),0,(Y$170-F25)*Y$168) -> 1.6 | Z25: =IF(OR(ISBLANK(G25),Z$169="N"),0,G25*Z$168) -> 3.2 | AA25: =IF(OR(ISBLANK(H25),AA$169="N"),0,H25*AA$168) -> 3 | AB25: =IF(OR(ISBLANK(I25),AB$169="N"),0,I25*AB$168) -> 5.3333333 | AC25: =IF(OR(ISBLANK(J25),AC$169="N"),0,J25*AC$168) -> 1 | AD25: =IF(OR(ISBLANK(L25),AD$169="N"),0,L25*AD$168) -> 2 | AE25: =IF(OR(ISBLANK(M25),AE$169="N"),0,M25*AE$168) -> 0 | AF25: =IF(OR(ISBLANK(N25),AF$169="N"),0,N25*AF$168) -> 1 | AG25: =IF(OR(ISBLANK(O25),AG$169="N"),0,O25*AG$168) -> 1 | AH25: =IF(OR(ISBLANK(P25),AH$169="N"),0,P25*AH$168) -> 1 | AI25: =IF(OR(ISBLANK(Q25),AI$169="N"),0,Q25*AI$168) -> 1 | AJ25: =IF(OR(ISBLANK(R25),AJ$169="N"),0,R25*AJ$168) -> 1 | AK25: =IF(OR(ISBLANK(S25),AK$169="N"),0,S25*AK$168) -> 0 | ... AN25: =IF(OR(ISBLANK(V25),AN$169="N"),0,V25*AN$168) -> 4 | AO25: =ROUND(SUM(W25:AN25),1) -> 27.8 | AP25: =ROUND(SUM(X25:AN25),1) -> 26.3
A26: Delta Electronics | B26: Delta D-Bot DC20 | C26: Taiwan | D26: 47900 | E26: 101 | F26: 0.02 | G26: 20 | H26: 6 | I26: 1800 | J26: 1 | K26: propr, mult | L26: {=INDEX(DataValidation!$B$2:$B$11, _xlfn.XMATCH(K26, DataValidation!$A$2:$A$11))} -> 2 | M26: 0 | N26: 1 | O26: 1 | P26: 1 | Q26: 1 | R26: 1 | S26: 0 | T26: 0 | U26: 0 | V26: 2 | W26: =IF(OR(ISBLANK(D26),W$169="N"),0,(W$170-D26)*W$168) -> 0.28 | X26: =IF(OR(ISBLANK(E26),X$169="N"),0,(X$170-E26)*X$168) -> -0.04 | Y26: =IF(OR(ISBLANK(F26),Y$169="N"),0,(Y$170-F26)*Y$168) -> 1.6 | Z26: =IF(OR(ISBLANK(G26),Z$169="N"),0,G26*Z$168) -> 4 | AA26: =IF(OR(ISBLANK(H26),AA$169="N"),0,H26*AA$168) -> 3 | AB26: =IF(OR(ISBLANK(I26),AB$169="N"),0,I26*AB$168) -> 6 | AC26: =IF(OR(ISBLANK(J26),AC$169="N"),0,J26*AC$168) -> 1 | AD26: =IF(OR(ISBLANK(L26),AD$169="N"),0,L26*AD$168) -> 2 | AE26: =IF(OR(ISBLANK(M26),AE$169="N"),0,M26*AE$168) -> 0 | AF26: =IF(OR(ISBLANK(N26),AF$169="N"),0,N26*AF$168) -> 1 | AG26: =IF(OR(ISBLANK(O26),AG$169="N"),0,O26*AG$168) -> 1 | AH26: =IF(OR(ISBLANK(P26),AH$169="N"),0,P26*AH$168) -> 1 | AI26: =IF(OR(ISBLANK(Q26),AI$169="N"),0,Q26*AI$168) -> 1 | AJ26: =IF(OR(ISBLANK(R26),AJ$169="N"),0,R26*AJ$168) -> 1 | AK26: =IF(OR(ISBLANK(S26),AK$169="N"),0,S26*AK$168) -> 0 | ... AN26: =IF(OR(ISBLANK(V26),AN$169="N"),0,V26*AN$168) -> 4 | AO26: =ROUND(SUM(W26:AN26),1) -> 26.8 | AP26: =ROUND(SUM(X26:AN26),1) -> 26.6
A27: Delta Electronics | B27: Delta D-Bot DC30 | C27: Taiwan | D27: 52900 | E27: 98 | F27: 0.02 | G27: 30 | H27: 6 | I27: 1300 | J27: 1 | K27: propr, mult | L27: {=INDEX(DataValidation!$B$2:$B$11, _xlfn.XMATCH(K27, DataValidation!$A$2:$A$11))} -> 2 | M27: 0 | N27: 1 | O27: 1 | P27: 1 | Q27: 1 | R27: 1 | S27: 0 | T27: 0 | U27: 0 | V27: 2 | W27: =IF(OR(ISBLANK(D27),W$169="N"),0,(W$170-D27)*W$168) -> -0.38666667 | X27: =IF(OR(ISBLANK(E27),X$169="N"),0,(X$170-E27)*X$168) -> 0.08 | Y27: =IF(OR(ISBLANK(F27),Y$169="N"),0,(Y$170-F27)*Y$168) -> 1.6 | Z27: =IF(OR(ISBLANK(G27),Z$169="N"),0,G27*Z$168) -> 6 | AA27: =IF(OR(ISBLANK(H27),AA$169="N"),0,H27*AA$168) -> 3 | AB27: =IF(OR(ISBLANK(I27),AB$169="N"),0,I27*AB$168) -> 4.3333333 | AC27: =IF(OR(ISBLANK(J27),AC$169="N"),0,J27*AC$168) -> 1 | AD27: =IF(OR(ISBLANK(L27),AD$169="N"),0,L27*AD$168) -> 2 | AE27: =IF(OR(ISBLANK(M27),AE$169="N"),0,M27*AE$168) -> 0 | AF27: =IF(OR(ISBLANK(N27),AF$169="N"),0,N27*AF$168) -> 1 | AG27: =IF(OR(ISBLANK(O27),AG$169="N"),0,O27*AG$168) -> 1 | AH27: =IF(OR(ISBLANK(P27),AH$169="N"),0,P27*AH$168) -> 1 | AI27: =IF(OR(ISBLANK(Q27),AI$169="N"),0,Q27*AI$168) -> 1 | AJ27: =IF(OR(ISBLANK(R27),AJ$169="N"),0,R27*AJ$168) -> 1 | AK27: =IF(OR(ISBLANK(S27),AK$169="N"),0,S27*AK$168) -> 0 | ... AN27: =IF(OR(ISBLANK(V27),AN$169="N"),0,V27*AN$168) -> 4 | AO27: =ROUND(SUM(W27:AN27),1) -> 26.6 | AP27: =ROUND(SUM(X27:AN27),1) -> 27
A28: DENSO Robotocs | B28: COBOTTA | C28: Japan | D28: 14800 | E28: 4 | F28: 0.05 | G28: 0.5 | H28: 6 | I28: 343 | J28: 1 | K28: propr, open, mult | L28: {=INDEX(DataValidation!$B$2:$B$11, _xlfn.XMATCH(K28, DataValidation!$A$2:$A$11))} -> 3 | M28: 0 | N28: 1 | O28: 0 | P28: 1 | Q28: 1 | R28: 0 | S28: 0 | T28: 0 | U28: 0 | V28: 2 | W28: =IF(OR(ISBLANK(D28),W$169="N"),0,(W$170-D28)*W$168) -> 4.6933333 | X28: =IF(OR(ISBLANK(E28),X$169="N"),0,(X$170-E28)*X$168) -> 3.84 | Y28: =IF(OR(ISBLANK(F28),Y$169="N"),0,(Y$170-F28)*Y$168) -> 1 | Z28: =IF(OR(ISBLANK(G28),Z$169="N"),0,G28*Z$168) -> 0.1 | AA28: =IF(OR(ISBLANK(H28),AA$169="N"),0,H28*AA$168) -> 3 | AB28: =IF(OR(ISBLANK(I28),AB$169="N"),0,I28*AB$168) -> 1.1433333 | AC28: =IF(OR(ISBLANK(J28),AC$169="N"),0,J28*AC$168) -> 1 | AD28: =IF(OR(ISBLANK(L28),AD$169="N"),0,L28*AD$168) -> 3 | AE28: =IF(OR(ISBLANK(M28),AE$169="N"),0,M28*AE$168) -> 0 | AF28: =IF(OR(ISBLANK(N28),AF$169="N"),0,N28*AF$168) -> 1 | AG28: =IF(OR(ISBLANK(O28),AG$169="N"),0,O28*AG$168) -> 0 | AH28: =IF(OR(ISBLANK(P28),AH$169="N"),0,P28*AH$168) -> 1 | AI28: =IF(OR(ISBLANK(Q28),AI$169="N"),0,Q28*AI$168) -> 1 | AJ28: =IF(OR(ISBLANK(R28),AJ$169="N"),0,R28*AJ$168) -> 0 | AK28: =IF(OR(ISBLANK(S28),AK$169="N"),0,S28*AK$168) -> 0 | ... AN28: =IF(OR(ISBLANK(V28),AN$169="N"),0,V28*AN$168) -> 4 | AO28: =ROUND(SUM(W28:AN28),1) -> 24.8 | AP28: =ROUND(SUM(X28:AN28),1) -> 20.1
A29: DENSO Robotocs | B29: COBOTTA PRO 1300 | C29: Japan | E29: 12 | F29: 0.04 | G29: 12 | H29: 6 | I29: 1303 | J29: 1 | K29: propr, open, mult | L29: {=INDEX(DataValidation!$B$2:$B$11, _xlfn.XMATCH(K29, DataValidation!$A$2:$A$11))} -> 3 | M29: 0 | N29: 1 | O29: 0 | P29: 1 | Q29: 0 | R29: 0 | S29: 0 | T29: 1 | U29: 0 | V29: 2 | W29: =IF(OR(ISBLANK(D29),W$169="N"),0,(W$170-D29)*W$168) -> 0 | X29: =IF(OR(ISBLANK(E29),X$169="N"),0,(X$170-E29)*X$168) -> 3.52 | Y29: =IF(OR(ISBLANK(F29),Y$169="N"),0,(Y$170-F29)*Y$168) -> 1.2 | Z29: =IF(OR(ISBLANK(G29),Z$169="N"),0,G29*Z$168) -> 2.4 | AA29: =IF(OR(ISBLANK(H29),AA$169="N"),0,H29*AA$168) -> 3 | AB29: =IF(OR(ISBLANK(I29),AB$169="N"),0,I29*AB$168) -> 4.3433333 | AC29: =IF(OR(ISBLANK(J29),AC$169="N"),0,J29*AC$168) -> 1 | AD29: =IF(OR(ISBLANK(L29),AD$169="N"),0,L29*AD$168) -> 3 | AE29: =IF(OR(ISBLANK(M29),AE$169="N"),0,M29*AE$168) -> 0 | AF29: =IF(OR(ISBLANK(N29),AF$169="N"),0,N29*AF$168) -> 1 | AG29: =IF(OR(ISBLANK(O29),AG$169="N"),0,O29*AG$168) -> 0 | AH29: =IF(OR(ISBLANK(P29),AH$169="N"),0,P29*AH$168) -> 1 | AI29: =IF(OR(ISBLANK(Q29),AI$169="N"),0,Q29*AI$168) -> 0 | AJ29: =IF(OR(ISBLANK(R29),AJ$169="N"),0,R29*AJ$168) -> 0 | AK29: =IF(OR(ISBLANK(S29),AK$169="N"),0,S29*AK$168) -> 0 | ... AN29: =IF(OR(ISBLANK(V29),AN$169="N"),0,V29*AN$168) -> 4 | AO29: =ROUND(SUM(W29:AN29),1) -> 25 | AP29: =ROUND(SUM(X29:AN29),1) -> 25
A30: Dobot | B30: CR5 | C30: China | D30: 15390 | E30: 23 | F30: 0.03 | G30: 5 | H30: 6 | I30: 900 | J30: 1 | K30: propr, open, mult | L30: {=INDEX(DataValidation!$B$2:$B$11, _xlfn.XMATCH(K30, DataValidation!$A$2:$A$11))} -> 3 | M30: 0 | N30: 1 | O30: 1 | P30: 1 | Q30: 1 | R30: 0 | S30: 1 | T30: 0 | U30: 0 | V30: 2 | W30: =IF(OR(ISBLANK(D30),W$169="N"),0,(W$170-D30)*W$168) -> 4.6146667 | X30: =IF(OR(ISBLANK(E30),X$169="N"),0,(X$170-E30)*X$168) -> 3.08 | Y30: =IF(OR(ISBLANK(F30),Y$169="N"),0,(Y$170-F30)*Y$168) -> 1.4 | Z30: =IF(OR(ISBLANK(G30),Z$169="N"),0,G30*Z$168) -> 1 | AA30: =IF(OR(ISBLANK(H30),AA$169="N"),0,H30*AA$168) -> 3 | AB30: =IF(OR(ISBLANK(I30),AB$169="N"),0,I30*AB$168) -> 3 | AC30: =IF(OR(ISBLANK(J30),AC$169="N"),0,J30*AC$168) -> 1 | AD30: =IF(OR(ISBLANK(L30),AD$169="N"),0,L30*AD$168) -> 3 | AE30: =IF(OR(ISBLANK(M30),AE$169="N"),0,M30*AE$168) -> 0 | AF30: =IF(OR(ISBLANK(N30),AF$169="N"),0,N30*AF$168) -> 1 | AG30: =IF(OR(ISBLANK(O30),AG$169="N"),0,O30*AG$168) -> 1 | AH30: =IF(OR(ISBLANK(P30),AH$169="N"),0,P30*AH$168) -> 1 | AI30: =IF(OR(ISBLANK(Q30),AI$169="N"),0,Q30*AI$168) -> 1 | AJ30: =IF(OR(ISBLANK(R30),AJ$169="N"),0,R30*AJ$168) -> 0 | AK30: =IF(OR(ISBLANK(S30),AK$169="N"),0,S30*AK$168) -> 0.5 | ... AN30: =IF(OR(ISBLANK(V30),AN$169="N"),0,V30*AN$168) -> 4 | AO30: =ROUND(SUM(W30:AN30),1) -> 28.6 | AP30: =ROUND(SUM(X30:AN30),1) -> 24
A31: Dobot | B31: CR10 | C31: China | D31: 21540 | E31: 40 | F31: 0.03 | G31: 10 | H31: 6 | I31: 1300 | J31: 1 | K31: propr, open, mult | L31: {=INDEX(DataValidation!$B$2:$B$11, _xlfn.XMATCH(K31, DataValidation!$A$2:$A$11))} -> 3 | M31: 0 | N31: 1 | O31: 1 | P31: 1 | Q31: 1 | R31: 0 | S31: 1 | T31: 0 | U31: 0 | V31: 2 | W31: =IF(OR(ISBLANK(D31),W$169="N"),0,(W$170-D31)*W$168) -> 3.7946667 | X31: =IF(OR(ISBLANK(E31),X$169="N"),0,(X$170-E31)*X$168) -> 2.4 | Y31: =IF(OR(ISBLANK(F31),Y$169="N"),0,(Y$170-F31)*Y$168) -> 1.4 | Z31: =IF(OR(ISBLANK(G31),Z$169="N"),0,G31*Z$168) -> 2 | AA31: =IF(OR(ISBLANK(H31),AA$169="N"),0,H31*AA$168) -> 3 | AB31: =IF(OR(ISBLANK(I31),AB$169="N"),0,I31*AB$168) -> 4.3333333 | AC31: =IF(OR(ISBLANK(J31),AC$169="N"),0,J31*AC$168) -> 1 | AD31: =IF(OR(ISBLANK(L31),AD$169="N"),0,L31*AD$168) -> 3 | AE31: =IF(OR(ISBLANK(M31),AE$169="N"),0,M31*AE$168) -> 0 | AF31: =IF(OR(ISBLANK(N31),AF$169="N"),0,N31*AF$168) -> 1 | AG31: =IF(OR(ISBLANK(O31),AG$169="N"),0,O31*AG$168) -> 1 | AH31: =IF(OR(ISBLANK(P31),AH$169="N"),0,P31*AH$168) -> 1 | AI31: =IF(OR(ISBLANK(Q31),AI$169="N"),0,Q31*AI$168) -> 1 | AJ31: =IF(OR(ISBLANK(R31),AJ$169="N"),0,R31*AJ$168) -> 0 | AK31: =IF(OR(ISBLANK(S31),AK$169="N"),0,S31*AK$168) -> 0.5 | ... AN31: =IF(OR(ISBLANK(V31),AN$169="N"),0,V31*AN$168) -> 4 | AO31: =ROUND(SUM(W31:AN31),1) -> 29.4 | AP31: =ROUND(SUM(X31:AN31),1) -> 25.6
A32: Dobot | B32: Nova 2 | C32: China | D32: 8920 | E32: 11 | F32: 0.05 | G32: 2 | H32: 6 | I32: 625 | J32: 1 | K32: propr, open, mult | L32: {=INDEX(DataValidation!$B$2:$B$11, _xlfn.XMATCH(K32, DataValidation!$A$2:$A$11))} -> 3 | M32: 0 | N32: 0 | O32: 0 | P32: 0 | Q32: 0 | R32: 0 | S32: 1 | T32: 1 | U32: 0 | V32: 2 | W32: =IF(OR(ISBLANK(D32),W$169="N"),0,(W$170-D32)*W$168) -> 5.4773333 | X32: =IF(OR(ISBLANK(E32),X$169="N"),0,(X$170-E32)*X$168) -> 3.56 | Y32: =IF(OR(ISBLANK(F32),Y$169="N"),0,(Y$170-F32)*Y$168) -> 1 | Z32: =IF(OR(ISBLANK(G32),Z$169="N"),0,G32*Z$168) -> 0.4 | AA32: =IF(OR(ISBLANK(H32),AA$169="N"),0,H32*AA$168) -> 3 | AB32: =IF(OR(ISBLANK(I32),AB$169="N"),0,I32*AB$168) -> 2.0833333 | AC32: =IF(OR(ISBLANK(J32),AC$169="N"),0,J32*AC$168) -> 1 | AD32: =IF(OR(ISBLANK(L32),AD$169="N"),0,L32*AD$168) -> 3 | AE32: =IF(OR(ISBLANK(M32),AE$169="N"),0,M32*AE$168) -> 0 | AF32: =IF(OR(ISBLANK(N32),AF$169="N"),0,N32*AF$168) -> 0 | AG32: =IF(OR(ISBLANK(O32),AG$169="N"),0,O32*AG$168) -> 0 | AH32: =IF(OR(ISBLANK(P32),AH$169="N"),0,P32*AH$168) -> 0 | AI32: =IF(OR(ISBLANK(Q32),AI$169="N"),0,Q32*AI$168) -> 0 | AJ32: =IF(OR(ISBLANK(R32),AJ$169="N"),0,R32*AJ$168) -> 0 | AK32: =IF(OR(ISBLANK(S32),AK$169="N"),0,S32*AK$168) -> 0.5 | ... AN32: =IF(OR(ISBLANK(V32),AN$169="N"),0,V32*AN$168) -> 4 | AO32: =ROUND(SUM(W32:AN32),1) -> 24.5 | AP32: =ROUND(SUM(X32:AN32),1) -> 19
A33: Dobot | B33: Nova 5 | C33: China | D33: 9540 | E33: 14 | F33: 0.05 | G33: 5 | H33: 6 | I33: 850 | J33: 1 | K33: propr, open, mult | L33: {=INDEX(DataValidation!$B$2:$B$11, _xlfn.XMATCH(K33, DataValidation!$A$2:$A$11))} -> 3 | M33: 0 | N33: 0 | O33: 0 | P33: 0 | Q33: 0 | R33: 0 | S33: 1 | T33: 1 | U33: 0 | V33: 2 | W33: =IF(OR(ISBLANK(D33),W$169="N"),0,(W$170-D33)*W$168) -> 5.3946667 | X33: =IF(OR(ISBLANK(E33),X$169="N"),0,(X$170-E33)*X$168) -> 3.44 | Y33: =IF(OR(ISBLANK(F33),Y$169="N"),0,(Y$170-F33)*Y$168) -> 1 | Z33: =IF(OR(ISBLANK(G33),Z$169="N"),0,G33*Z$168) -> 1 | AA33: =IF(OR(ISBLANK(H33),AA$169="N"),0,H33*AA$168) -> 3 | AB33: =IF(OR(ISBLANK(I33),AB$169="N"),0,I33*AB$168) -> 2.8333333 | AC33: =IF(OR(ISBLANK(J33),AC$169="N"),0,J33*AC$168) -> 1 | AD33: =IF(OR(ISBLANK(L33),AD$169="N"),0,L33*AD$168) -> 3 | AE33: =IF(OR(ISBLANK(M33),AE$169="N"),0,M33*AE$168) -> 0 | AF33: =IF(OR(ISBLANK(N33),AF$169="N"),0,N33*AF$168) -> 0 | AG33: =IF(OR(ISBLANK(O33),AG$169="N"),0,O33*AG$168) -> 0 | AH33: =IF(OR(ISBLANK(P33),AH$169="N"),0,P33*AH$168) -> 0 | AI33: =IF(OR(ISBLANK(Q33),AI$169="N"),0,Q33*AI$168) -> 0 | AJ33: =IF(OR(ISBLANK(R33),AJ$169="N"),0,R33*AJ$168) -> 0 | AK33: =IF(OR(ISBLANK(S33),AK$169="N"),0,S33*AK$168) -> 0.5 | ... AN33: =IF(OR(ISBLANK(V33),AN$169="N"),0,V33*AN$168) -> 4 | AO33: =ROUND(SUM(W33:AN33),1) -> 25.7 | AP33: =ROUND(SUM(X33:AN33),1) -> 20.3
A34: Doosan Robotics | B34: A0509 | C34: South Korea | D34: 22500 | E34: 21 | F34: 0.03 | G34: 5 | H34: 6 | I34: 900 | J34: 1 | K34: propr | L34: {=INDEX(DataValidation!$B$2:$B$11, _xlfn.XMATCH(K34, DataValidation!$A$2:$A$11))} -> 1 | M34: 0 | N34: 1 | O34: 0 | P34: 1 | Q34: 1 | R34: 1 | S34: 0 | T34: 0 | U34: 0 | V34: 2 | W34: =IF(OR(ISBLANK(D34),W$169="N"),0,(W$170-D34)*W$168) -> 3.6666667 | X34: =IF(OR(ISBLANK(E34),X$169="N"),0,(X$170-E34)*X$168) -> 3.16 | Y34: =IF(OR(ISBLANK(F34),Y$169="N"),0,(Y$170-F34)*Y$168) -> 1.4 | Z34: =IF(OR(ISBLANK(G34),Z$169="N"),0,G34*Z$168) -> 1 | AA34: =IF(OR(ISBLANK(H34),AA$169="N"),0,H34*AA$168) -> 3 | AB34: =IF(OR(ISBLANK(I34),AB$169="N"),0,I34*AB$168) -> 3 | AC34: =IF(OR(ISBLANK(J34),AC$169="N"),0,J34*AC$168) -> 1 | AD34: =IF(OR(ISBLANK(L34),AD$169="N"),0,L34*AD$168) -> 1 | AE34: =IF(OR(ISBLANK(M34),AE$169="N"),0,M34*AE$168) -> 0 | AF34: =IF(OR(ISBLANK(N34),AF$169="N"),0,N34*AF$168) -> 1 | AG34: =IF(OR(ISBLANK(O34),AG$169="N"),0,O34*AG$168) -> 0 | AH34: =IF(OR(ISBLANK(P34),AH$169="N"),0,P34*AH$168) -> 1 | AI34: =IF(OR(ISBLANK(Q34),AI$169="N"),0,Q34*AI$168) -> 1 | AJ34: =IF(OR(ISBLANK(R34),AJ$169="N"),0,R34*AJ$168) -> 1 | AK34: =IF(OR(ISBLANK(S34),AK$169="N"),0,S34*AK$168) -> 0 | ... AN34: =IF(OR(ISBLANK(V34),AN$169="N"),0,V34*AN$168) -> 4 | AO34: =ROUND(SUM(W34:AN34),1) -> 25.2 | AP34: =ROUND(SUM(X34:AN34),1) -> 21.6
A35: Doosan Robotics | B35: A0912 | C35: South Korea | D35: 27500 | E35: 27 | F35: 0.05 | G35: 9 | H35: 6 | I35: 1200 | J35: 1 | K35: propr | L35: {=INDEX(DataValidation!$B$2:$B$11, _xlfn.XMATCH(K35, DataValidation!$A$2:$A$11))} -> 1 | M35: 0 | N35: 1 | O35: 0 | P35: 1 | Q35: 1 | R35: 1 | S35: 0 | T35: 0 | U35: 0 | V35: 2 | W35: =IF(OR(ISBLANK(D35),W$169="N"),0,(W$170-D35)*W$168) -> 3 | X35: =IF(OR(ISBLANK(E35),X$169="N"),0,(X$170-E35)*X$168) -> 2.92 | Y35: =IF(OR(ISBLANK(F35),Y$169="N"),0,(Y$170-F35)*Y$168) -> 1 | Z35: =IF(OR(ISBLANK(G35),Z$169="N"),0,G35*Z$168) -> 1.8 | AA35: =IF(OR(ISBLANK(H35),AA$169="N"),0,H35*AA$168) -> 3 | AB35: =IF(OR(ISBLANK(I35),AB$169="N"),0,I35*AB$168) -> 4 | AC35: =IF(OR(ISBLANK(J35),AC$169="N"),0,J35*AC$168) -> 1 | AD35: =IF(OR(ISBLANK(L35),AD$169="N"),0,L35*AD$168) -> 1 | AE35: =IF(OR(ISBLANK(M35),AE$169="N"),0,M35*AE$168) -> 0 | AF35: =IF(OR(ISBLANK(N35),AF$169="N"),0,N35*AF$168) -> 1 | AG35: =IF(OR(ISBLANK(O35),AG$169="N"),0,O35*AG$168) -> 0 | AH35: =IF(OR(ISBLANK(P35),AH$169="N"),0,P35*AH$168) -> 1 | AI35: =IF(OR(ISBLANK(Q35),AI$169="N"),0,Q35*AI$168) -> 1 | AJ35: =IF(OR(ISBLANK(R35),AJ$169="N"),0,R35*AJ$168) -> 1 | AK35: =IF(OR(ISBLANK(S35),AK$169="N"),0,S35*AK$168) -> 0 | ... AN35: =IF(OR(ISBLANK(V35),AN$169="N"),0,V35*AN$168) -> 4 | AO35: =ROUND(SUM(W35:AN35),1) -> 25.7 | AP35: =ROUND(SUM(X35:AN35),1) -> 22.7
A36: Doosan Robotics | B36: M0609 | C36: South Korea | D36: 29500 | E36: 27 | F36: 0.05 | G36: 6 | H36: 6 | I36: 900 | J36: 1 | K36: propr | L36: {=INDEX(DataValidation!$B$2:$B$11, _xlfn.XMATCH(K36, DataValidation!$A$2:$A$11))} -> 1 | M36: 1 | N36: 1 | O36: 1 | P36: 1 | Q36: 1 | R36: 0 | S36: 0 | T36: 0 | U36: 0 | V36: 2 | W36: =IF(OR(ISBLANK(D36),W$169="N"),0,(W$170-D36)*W$168) -> 2.7333333 | X36: =IF(OR(ISBLANK(E36),X$169="N"),0,(X$170-E36)*X$168) -> 2.92 | Y36: =IF(OR(ISBLANK(F36),Y$169="N"),0,(Y$170-F36)*Y$168) -> 1 | Z36: =IF(OR(ISBLANK(G36),Z$169="N"),0,G36*Z$168) -> 1.2 | AA36: =IF(OR(ISBLANK(H36),AA$169="N"),0,H36*AA$168) -> 3 | AB36: =IF(OR(ISBLANK(I36),AB$169="N"),0,I36*AB$168) -> 3 | AC36: =IF(OR(ISBLANK(J36),AC$169="N"),0,J36*AC$168) -> 1 | AD36: =IF(OR(ISBLANK(L36),AD$169="N"),0,L36*AD$168) -> 1 | AE36: =IF(OR(ISBLANK(M36),AE$169="N"),0,M36*AE$168) -> 1 | AF36: =IF(OR(ISBLANK(N36),AF$169="N"),0,N36*AF$168) -> 1 | AG36: =IF(OR(ISBLANK(O36),AG$169="N"),0,O36*AG$168) -> 1 | AH36: =IF(OR(ISBLANK(P36),AH$169="N"),0,P36*AH$168) -> 1 | AI36: =IF(OR(ISBLANK(Q36),AI$169="N"),0,Q36*AI$168) -> 1 | AJ36: =IF(OR(ISBLANK(R36),AJ$169="N"),0,R36*AJ$168) -> 0 | AK36: =IF(OR(ISBLANK(S36),AK$169="N"),0,S36*AK$168) -> 0 | ... AN36: =IF(OR(ISBLANK(V36),AN$169="N"),0,V36*AN$168) -> 4 | AO36: =ROUND(SUM(W36:AN36),1) -> 24.9 | AP36: =ROUND(SUM(X36:AN36),1) -> 22.1
A37: Doosan Robotics | B37: M1509 | C37: South Korea | D37: 37500 | E37: 32 | F37: 0.05 | G37: 15 | H37: 6 | I37: 900 | J37: 1 | K37: propr | L37: {=INDEX(DataValidation!$B$2:$B$11, _xlfn.XMATCH(K37, DataValidation!$A$2:$A$11))} -> 1 | M37: 1 | N37: 1 | O37: 1 | P37: 1 | Q37: 1 | R37: 0 | S37: 0 | T37: 0 | U37: 0 | V37: 2 | W37: =IF(OR(ISBLANK(D37),W$169="N"),0,(W$170-D37)*W$168) -> 1.6666667 | X37: =IF(OR(ISBLANK(E37),X$169="N"),0,(X$170-E37)*X$168) -> 2.72 | Y37: =IF(OR(ISBLANK(F37),Y$169="N"),0,(Y$170-F37)*Y$168) -> 1 | Z37: =IF(OR(ISBLANK(G37),Z$169="N"),0,G37*Z$168) -> 3 | AA37: =IF(OR(ISBLANK(H37),AA$169="N"),0,H37*AA$168) -> 3 | AB37: =IF(OR(ISBLANK(I37),AB$169="N"),0,I37*AB$168) -> 3 | AC37: =IF(OR(ISBLANK(J37),AC$169="N"),0,J37*AC$168) -> 1 | AD37: =IF(OR(ISBLANK(L37),AD$169="N"),0,L37*AD$168) -> 1 | AE37: =IF(OR(ISBLANK(M37),AE$169="N"),0,M37*AE$168) -> 1 | AF37: =IF(OR(ISBLANK(N37),AF$169="N"),0,N37*AF$168) -> 1 | AG37: =IF(OR(ISBLANK(O37),AG$169="N"),0,O37*AG$168) -> 1 | AH37: =IF(OR(ISBLANK(P37),AH$169="N"),0,P37*AH$168) -> 1 | AI37: =IF(OR(ISBLANK(Q37),AI$169="N"),0,Q37*AI$168) -> 1 | AJ37: =IF(OR(ISBLANK(R37),AJ$169="N"),0,R37*AJ$168) -> 0 | AK37: =IF(OR(ISBLANK(S37),AK$169="N"),0,S37*AK$168) -> 0 | ... AN37: =IF(OR(ISBLANK(V37),AN$169="N"),0,V37*AN$168) -> 4 | AO37: =ROUND(SUM(W37:AN37),1) -> 25.4 | AP37: =ROUND(SUM(X37:AN37),1) -> 23.7
A38: Doosan Robotics | B38: H2017 | C38: South Korea | D38: 44000 | E38: 74 | F38: 0.1 | G38: 20 | H38: 6 | I38: 1700 | J38: 1 | K38: propr | L38: {=INDEX(DataValidation!$B$2:$B$11, _xlfn.XMATCH(K38, DataValidation!$A$2:$A$11))} -> 1 | M38: 1 | N38: 1 | O38: 0 | P38: 1 | Q38: 1 | R38: 1 | S38: 0 | T38: 0 | U38: 0 | V38: 2 | W38: =IF(OR(ISBLANK(D38),W$169="N"),0,(W$170-D38)*W$168) -> 0.8 | X38: =IF(OR(ISBLANK(E38),X$169="N"),0,(X$170-E38)*X$168) -> 1.04 | Y38: =IF(OR(ISBLANK(F38),Y$169="N"),0,(Y$170-F38)*Y$168) -> 0 | Z38: =IF(OR(ISBLANK(G38),Z$169="N"),0,G38*Z$168) -> 4 | AA38: =IF(OR(ISBLANK(H38),AA$169="N"),0,H38*AA$168) -> 3 | AB38: =IF(OR(ISBLANK(I38),AB$169="N"),0,I38*AB$168) -> 5.6666667 | AC38: =IF(OR(ISBLANK(J38),AC$169="N"),0,J38*AC$168) -> 1 | AD38: =IF(OR(ISBLANK(L38),AD$169="N"),0,L38*AD$168) -> 1 | AE38: =IF(OR(ISBLANK(M38),AE$169="N"),0,M38*AE$168) -> 1 | AF38: =IF(OR(ISBLANK(N38),AF$169="N"),0,N38*AF$168) -> 1 | AG38: =IF(OR(ISBLANK(O38),AG$169="N"),0,O38*AG$168) -> 0 | AH38: =IF(OR(ISBLANK(P38),AH$169="N"),0,P38*AH$168) -> 1 | AI38: =IF(OR(ISBLANK(Q38),AI$169="N"),0,Q38*AI$168) -> 1 | AJ38: =IF(OR(ISBLANK(R38),AJ$169="N"),0,R38*AJ$168) -> 1 | AK38: =IF(OR(ISBLANK(S38),AK$169="N"),0,S38*AK$168) -> 0 | ... AN38: =IF(OR(ISBLANK(V38),AN$169="N"),0,V38*AN$168) -> 4 | AO38: =ROUND(SUM(W38:AN38),1) -> 25.5 | AP38: =ROUND(SUM(X38:AN38),1) -> 24.7
A39: Doosan Robotics | B39: H2515 | C39: South Korea | D39: 50500 | E39: 72 | F39: 0.1 | G39: 25 | H39: 6 | I39: 1500 | J39: 1 | K39: propr | L39: {=INDEX(DataValidation!$B$2:$B$11, _xlfn.XMATCH(K39, DataValidation!$A$2:$A$11))} -> 1 | M39: 1 | N39: 1 | O39: 0 | P39: 1 | Q39: 1 | R39: 1 | S39: 0 | T39: 0 | U39: 0 | V39: 2 | W39: =IF(OR(ISBLANK(D39),W$169="N"),0,(W$170-D39)*W$168) -> -0.066666667 | X39: =IF(OR(ISBLANK(E39),X$169="N"),0,(X$170-E39)*X$168) -> 1.12 | Y39: =IF(OR(ISBLANK(F39),Y$169="N"),0,(Y$170-F39)*Y$168) -> 0 | Z39: =IF(OR(ISBLANK(G39),Z$169="N"),0,G39*Z$168) -> 5 | AA39: =IF(OR(ISBLANK(H39),AA$169="N"),0,H39*AA$168) -> 3 | AB39: =IF(OR(ISBLANK(I39),AB$169="N"),0,I39*AB$168) -> 5 | AC39: =IF(OR(ISBLANK(J39),AC$169="N"),0,J39*AC$168) -> 1 | AD39: =IF(OR(ISBLANK(L39),AD$169="N"),0,L39*AD$168) -> 1 | AE39: =IF(OR(ISBLANK(M39),AE$169="N"),0,M39*AE$168) -> 1 | AF39: =IF(OR(ISBLANK(N39),AF$169="N"),0,N39*AF$168) -> 1 | AG39: =IF(OR(ISBLANK(O39),AG$169="N"),0,O39*AG$168) -> 0 | AH39: =IF(OR(ISBLANK(P39),AH$169="N"),0,P39*AH$168) -> 1 | AI39: =IF(OR(ISBLANK(Q39),AI$169="N"),0,Q39*AI$168) -> 1 | AJ39: =IF(OR(ISBLANK(R39),AJ$169="N"),0,R39*AJ$168) -> 1 | AK39: =IF(OR(ISBLANK(S39),AK$169="N"),0,S39*AK$168) -> 0 | ... AN39: =IF(OR(ISBLANK(V39),AN$169="N"),0,V39*AN$168) -> 4 | AO39: =ROUND(SUM(W39:AN39),1) -> 25.1 | AP39: =ROUND(SUM(X39:AN39),1) -> 25.1
A40: Elite Robots | B40: EC63 | C40: China | D40: 14280 | E40: 13 | F40: 0.02 | G40: 3 | H40: 6 | I40: 624 | J40: 1 | K40: propr, open, mult | L40: {=INDEX(DataValidation!$B$2:$B$11, _xlfn.XMATCH(K40, DataValidation!$A$2:$A$11))} -> 3 | M40: 0 | N40: 1 | O40: 1 | P40: 1 | Q40: 1 | R40: 1 | S40: 0 | T40: 0 | U40: 0 | V40: 2 | W40: =IF(OR(ISBLANK(D40),W$169="N"),0,(W$170-D40)*W$168) -> 4.7626667 | X40: =IF(OR(ISBLANK(E40),X$169="N"),0,(X$170-E40)*X$168) -> 3.48 | Y40: =IF(OR(ISBLANK(F40),Y$169="N"),0,(Y$170-F40)*Y$168) -> 1.6 | Z40: =IF(OR(ISBLANK(G40),Z$169="N"),0,G40*Z$168) -> 0.6 | AA40: =IF(OR(ISBLANK(H40),AA$169="N"),0,H40*AA$168) -> 3 | AB40: =IF(OR(ISBLANK(I40),AB$169="N"),0,I40*AB$168) -> 2.08 | AC40: =IF(OR(ISBLANK(J40),AC$169="N"),0,J40*AC$168) -> 1 | AD40: =IF(OR(ISBLANK(L40),AD$169="N"),0,L40*AD$168) -> 3 | AE40: =IF(OR(ISBLANK(M40),AE$169="N"),0,M40*AE$168) -> 0 | AF40: =IF(OR(ISBLANK(N40),AF$169="N"),0,N40*AF$168) -> 1 | AG40: =IF(OR(ISBLANK(O40),AG$169="N"),0,O40*AG$168) -> 1 | AH40: =IF(OR(ISBLANK(P40),AH$169="N"),0,P40*AH$168) -> 1 | AI40: =IF(OR(ISBLANK(Q40),AI$169="N"),0,Q40*AI$168) -> 1 | AJ40: =IF(OR(ISBLANK(R40),AJ$169="N"),0,R40*AJ$168) -> 1 | AK40: =IF(OR(ISBLANK(S40),AK$169="N"),0,S40*AK$168) -> 0 | ... AN40: =IF(OR(ISBLANK(V40),AN$169="N"),0,V40*AN$168) -> 4 | AO40: =ROUND(SUM(W40:AN40),1) -> 28.5 | AP40: =ROUND(SUM(X40:AN40),1) -> 23.8
A41: Elite Robots | B41: EC616 | C41: China | D41: 25800 | E41: 32.5 | F41: 0.03 | G41: 16 | H41: 6 | I41: 954 | J41: 1 | K41: propr, open, mult | L41: {=INDEX(DataValidation!$B$2:$B$11, _xlfn.XMATCH(K41, DataValidation!$A$2:$A$11))} -> 3 | M41: 0 | N41: 1 | O41: 1 | P41: 1 | Q41: 1 | R41: 1 | S41: 0 | T41: 0 | U41: 0 | V41: 2 | W41: =IF(OR(ISBLANK(D41),W$169="N"),0,(W$170-D41)*W$168) -> 3.2266667 | X41: =IF(OR(ISBLANK(E41),X$169="N"),0,(X$170-E41)*X$168) -> 2.7 | Y41: =IF(OR(ISBLANK(F41),Y$169="N"),0,(Y$170-F41)*Y$168) -> 1.4 | Z41: =IF(OR(ISBLANK(G41),Z$169="N"),0,G41*Z$168) -> 3.2 | AA41: =IF(OR(ISBLANK(H41),AA$169="N"),0,H41*AA$168) -> 3 | AB41: =IF(OR(ISBLANK(I41),AB$169="N"),0,I41*AB$168) -> 3.18 | AC41: =IF(OR(ISBLANK(J41),AC$169="N"),0,J41*AC$168) -> 1 | AD41: =IF(OR(ISBLANK(L41),AD$169="N"),0,L41*AD$168) -> 3 | AE41: =IF(OR(ISBLANK(M41),AE$169="N"),0,M41*AE$168) -> 0 | AF41: =IF(OR(ISBLANK(N41),AF$169="N"),0,N41*AF$168) -> 1 | AG41: =IF(OR(ISBLANK(O41),AG$169="N"),0,O41*AG$168) -> 1 | AH41: =IF(OR(ISBLANK(P41),AH$169="N"),0,P41*AH$168) -> 1 | AI41: =IF(OR(ISBLANK(Q41),AI$169="N"),0,Q41*AI$168) -> 1 | AJ41: =IF(OR(ISBLANK(R41),AJ$169="N"),0,R41*AJ$168) -> 1 | AK41: =IF(OR(ISBLANK(S41),AK$169="N"),0,S41*AK$168) -> 0 | ... AN41: =IF(OR(ISBLANK(V41),AN$169="N"),0,V41*AN$168) -> 4 | AO41: =ROUND(SUM(W41:AN41),1) -> 29.7 | AP41: =ROUND(SUM(X41:AN41),1) -> 26.5
... A50: Elite Robots | B50: CS620 | C50: China | D50: 30720 | E50: 60 | F50: 0.06 | G50: 20 | H50: 6 | I50: 1800 | J50: 1 | K50: propr, open, mult | L50: {=INDEX(DataValidation!$B$2:$B$11, _xlfn.XMATCH(K50, DataValidation!$A$2:$A$11))} -> 3 | M50: 0 | N50: 1 | O50: 0 | P50: 1 | Q50: 1 | R50: 0 | S50: 0 | T50: 0 | U50: 0 | V50: 2 | W50: =IF(OR(ISBLANK(D50),W$169="N"),0,(W$170-D50)*W$168) -> 2.5706667 | X50: =IF(OR(ISBLANK(E50),X$169="N"),0,(X$170-E50)*X$168) -> 1.6 | Y50: =IF(OR(ISBLANK(F50),Y$169="N"),0,(Y$170-F50)*Y$168) -> 0.8 | Z50: =IF(OR(ISBLANK(G50),Z$169="N"),0,G50*Z$168) -> 4 | AA50: =IF(OR(ISBLANK(H50),AA$169="N"),0,H50*AA$168) -> 3 | AB50: =IF(OR(ISBLANK(I50),AB$169="N"),0,I50*AB$168) -> 6 | AC50: =IF(OR(ISBLANK(J50),AC$169="N"),0,J50*AC$168) -> 1 | AD50: =IF(OR(ISBLANK(L50),AD$169="N"),0,L50*AD$168) -> 3 | AE50: =IF(OR(ISBLANK(M50),AE$169="N"),0,M50*AE$168) -> 0 | AF50: =IF(OR(ISBLANK(N50),AF$169="N"),0,N50*AF$168) -> 1 | AG50: =IF(OR(ISBLANK(O50),AG$169="N"),0,O50*AG$168) -> 0 | AH50: =IF(OR(ISBLANK(P50),AH$169="N"),0,P50*AH$168) -> 1 | AI50: =IF(OR(ISBLANK(Q50),AI$169="N"),0,Q50*AI$168) -> 1 | AJ50: =IF(OR(ISBLANK(R50),AJ$169="N"),0,R50*AJ$168) -> 0 | AK50: =IF(OR(ISBLANK(S50),AK$169="N"),0,S50*AK$168) -> 0 | ... AN50: =IF(OR(ISBLANK(V50),AN$169="N"),0,V50*AN$168) -> 4 | AO50: =ROUND(SUM(W50:AN50),1) -> 29 | AP50: =ROUND(SUM(X50:AN50),1) -> 26.4
A51: ESTUN | B51: S3-60 Eco | C51: China | E51: 14 | F51: 0.03 | G51: 3 | H51: 6 | I51: 575.8 | J51: 1 | K51: propr | L51: {=INDEX(DataValidation!$B$2:$B$11, _xlfn.XMATCH(K51, DataValidation!$A$2:$A$11))} -> 1 | M51: 0 | N51: 1 | O51: 0 | P51: 0 | Q51: 1 | R51: 0 | S51: 0 | T51: 0 | U51: 0 | V51: 1 | W51: =IF(OR(ISBLANK(D51),W$169="N"),0,(W$170-D51)*W$168) -> 0 | X51: =IF(OR(ISBLANK(E51),X$169="N"),0,(X$170-E51)*X$168) -> 3.44 | Y51: =IF(OR(ISBLANK(F51),Y$169="N"),0,(Y$170-F51)*Y$168) -> 1.4 | Z51: =IF(OR(ISBLANK(G51),Z$169="N"),0,G51*Z$168) -> 0.6 | AA51: =IF(OR(ISBLANK(H51),AA$169="N"),0,H51*AA$168) -> 3 | AB51: =IF(OR(ISBLANK(I51),AB$169="N"),0,I51*AB$168) -> 1.9193333 | AC51: =IF(OR(ISBLANK(J51),AC$169="N"),0,J51*AC$168) -> 1 | AD51: =IF(OR(ISBLANK(L51),AD$169="N"),0,L51*AD$168) -> 1 | AE51: =IF(OR(ISBLANK(M51),AE$169="N"),0,M51*AE$168) -> 0 | AF51: =IF(OR(ISBLANK(N51),AF$169="N"),0,N51*AF$168) -> 1 | AG51: =IF(OR(ISBLANK(O51),AG$169="N"),0,O51*AG$168) -> 0 | AH51: =IF(OR(ISBLANK(P51),AH$169="N"),0,P51*AH$168) -> 0 | AI51: =IF(OR(ISBLANK(Q51),AI$169="N"),0,Q51*AI$168) -> 1 | AJ51: =IF(OR(ISBLANK(R51),AJ$169="N"),0,R51*AJ$168) -> 0 | AK51: =IF(OR(ISBLANK(S51),AK$169="N"),0,S51*AK$168) -> 0 | ... AN51: =IF(OR(ISBLANK(V51),AN$169="N"),0,V51*AN$168) -> 2 | AO51: =ROUND(SUM(W51:AN51),1) -> 16.4 | AP51: =ROUND(SUM(X51:AN51),1) -> 16.4
A52: ESTUN | B52: S3-60 Pro | C52: China | E52: 14 | F52: 0.03 | G52: 3 | H52: 6 | I52: 575.8 | J52: 1 | K52: propr | L52: {=INDEX(DataValidation!$B$2:$B$11, _xlfn.XMATCH(K52, DataValidation!$A$2:$A$11))} -> 1 | M52: 1 | N52: 1 | O52: 0 | P52: 0 | Q52: 1 | R52: 0 | S52: 0 | T52: 0 | U52: 0 | V52: 1 | W52: =IF(OR(ISBLANK(D52),W$169="N"),0,(W$170-D52)*W$168) -> 0 | X52: =IF(OR(ISBLANK(E52),X$169="N"),0,(X$170-E52)*X$168) -> 3.44 | Y52: =IF(OR(ISBLANK(F52),Y$169="N"),0,(Y$170-F52)*Y$168) -> 1.4 | Z52: =IF(OR(ISBLANK(G52),Z$169="N"),0,G52*Z$168) -> 0.6 | AA52: =IF(OR(ISBLANK(H52),AA$169="N"),0,H52*AA$168) -> 3 | AB52: =IF(OR(ISBLANK(I52),AB$169="N"),0,I52*AB$168) -> 1.9193333 | AC52: =IF(OR(ISBLANK(J52),AC$169="N"),0,J52*AC$168) -> 1 | AD52: =IF(OR(ISBLANK(L52),AD$169="N"),0,L52*AD$168) -> 1 | AE52: =IF(OR(ISBLANK(M52),AE$169="N"),0,M52*AE$168) -> 1 | AF52: =IF(OR(ISBLANK(N52),AF$169="N"),0,N52*AF$168) -> 1 | AG52: =IF(OR(ISBLANK(O52),AG$169="N"),0,O52*AG$168) -> 0 | AH52: =IF(OR(ISBLANK(P52),AH$169="N"),0,P52*AH$168) -> 0 | AI52: =IF(OR(ISBLANK(Q52),AI$169="N"),0,Q52*AI$168) -> 1 | AJ52: =IF(OR(ISBLANK(R52),AJ$169="N"),0,R52*AJ$168) -> 0 | AK52: =IF(OR(ISBLANK(S52),AK$169="N"),0,S52*AK$168) -> 0 | ... AN52: =IF(OR(ISBLANK(V52),AN$169="N"),0,V52*AN$168) -> 2 | AO52: =ROUND(SUM(W52:AN52),1) -> 17.4 | AP52: =ROUND(SUM(X52:AN52),1) -> 17.4
A53: ESTUN | B53: S5-90 Eco | C53: China | E53: 21 | F53: 0.03 | G53: 5 | H53: 6 | I53: 919 | J53: 1 | K53: propr | L53: {=INDEX(DataValidation!$B$2:$B$11, _xlfn.XMATCH(K53, DataValidation!$A$2:$A$11))} -> 1 | M53: 0 | N53: 1 | O53: 0 | P53: 0 | Q53: 1 | R53: 0 | S53: 0 | T53: 0 | U53: 0 | V53: 1 | W53: =IF(OR(ISBLANK(D53),W$169="N"),0,(W$170-D53)*W$168) -> 0 | X53: =IF(OR(ISBLANK(E53),X$169="N"),0,(X$170-E53)*X$168) -> 3.16 | Y53: =IF(OR(ISBLANK(F53),Y$169="N"),0,(Y$170-F53)*Y$168) -> 1.4 | Z53: =IF(OR(ISBLANK(G53),Z$169="N"),0,G53*Z$168) -> 1 | AA53: =IF(OR(ISBLANK(H53),AA$169="N"),0,H53*AA$168) -> 3 | AB53: =IF(OR(ISBLANK(I53),AB$169="N"),0,I53*AB$168) -> 3.0633333 | AC53: =IF(OR(ISBLANK(J53),AC$169="N"),0,J53*AC$168) -> 1 | AD53: =IF(OR(ISBLANK(L53),AD$169="N"),0,L53*AD$168) -> 1 | AE53: =IF(OR(ISBLANK(M53),AE$169="N"),0,M53*AE$168) -> 0 | AF53: =IF(OR(ISBLANK(N53),AF$169="N"),0,N53*AF$168) -> 1 | AG53: =IF(OR(ISBLANK(O53),AG$169="N"),0,O53*AG$168) -> 0 | AH53: =IF(OR(ISBLANK(P53),AH$169="N"),0,P53*AH$168) -> 0 | AI53: =IF(OR(ISBLANK(Q53),AI$169="N"),0,Q53*AI$168) -> 1 | AJ53: =IF(OR(ISBLANK(R53),AJ$169="N"),0,R53*AJ$168) -> 0 | AK53: =IF(OR(ISBLANK(S53),AK$169="N"),0,S53*AK$168) -> 0 | ... AN53: =IF(OR(ISBLANK(V53),AN$169="N"),0,V53*AN$168) -> 2 | AO53: =ROUND(SUM(W53:AN53),1) -> 17.6 | AP53: =ROUND(SUM(X53:AN53),1) -> 17.6
A54: ESTUN | B54: S5-90 Pro | C54: China | E54: 21 | F54: 0.03 | G54: 5 | H54: 6 | I54: 919 | J54: 1 | K54: propr | L54: {=INDEX(DataValidation!$B$2:$B$11, _xlfn.XMATCH(K54, DataValidation!$A$2:$A$11))} -> 1 | M54: 1 | N54: 1 | O54: 0 | P54: 0 | Q54: 1 | R54: 0 | S54: 0 | T54: 0 | U54: 0 | V54: 1 | W54: =IF(OR(ISBLANK(D54),W$169="N"),0,(W$170-D54)*W$168) -> 0 | X54: =IF(OR(ISBLANK(E54),X$169="N"),0,(X$170-E54)*X$168) -> 3.16 | Y54: =IF(OR(ISBLANK(F54),Y$169="N"),0,(Y$170-F54)*Y$168) -> 1.4 | Z54: =IF(OR(ISBLANK(G54),Z$169="N"),0,G54*Z$168) -> 1 | AA54: =IF(OR(ISBLANK(H54),AA$169="N"),0,H54*AA$168) -> 3 | AB54: =IF(OR(ISBLANK(I54),AB$169="N"),0,I54*AB$168) -> 3.0633333 | AC54: =IF(OR(ISBLANK(J54),AC$169="N"),0,J54*AC$168) -> 1 | AD54: =IF(OR(ISBLANK(L54),AD$169="N"),0,L54*AD$168) -> 1 | AE54: =IF(OR(ISBLANK(M54),AE$169="N"),0,M54*AE$168) -> 1 | AF54: =IF(OR(ISBLANK(N54),AF$169="N"),0,N54*AF$168) -> 1 | AG54: =IF(OR(ISBLANK(O54),AG$169="N"),0,O54*AG$168) -> 0 | AH54: =IF(OR(ISBLANK(P54),AH$169="N"),0,P54*AH$168) -> 0 | AI54: =IF(OR(ISBLANK(Q54),AI$169="N"),0,Q54*AI$168) -> 1 | AJ54: =IF(OR(ISBLANK(R54),AJ$169="N"),0,R54*AJ$168) -> 0 | AK54: =IF(OR(ISBLANK(S54),AK$169="N"),0,S54*AK$168) -> 0 | ... AN54: =IF(OR(ISBLANK(V54),AN$169="N"),0,V54*AN$168) -> 2 | AO54: =ROUND(SUM(W54:AN54),1) -> 18.6 | AP54: =ROUND(SUM(X54:AN54),1) -> 18.6
A55: ESTUN | B55: S10-140 Eco | C55: China | E55: 37 | F55: 0.03 | G55: 10 | H55: 6 | I55: 1400 | J55: 1 | K55: propr | L55: {=INDEX(DataValidation!$B$2:$B$11, _xlfn.XMATCH(K55, DataValidation!$A$2:$A$11))} -> 1 | M55: 0 | N55: 1 | O55: 0 | P55: 0 | Q55: 1 | R55: 0 | S55: 0 | T55: 0 | U55: 0 | V55: 1 | W55: =IF(OR(ISBLANK(D55),W$169="N"),0,(W$170-D55)*W$168) -> 0 | X55: =IF(OR(ISBLANK(E55),X$169="N"),0,(X$170-E55)*X$168) -> 2.52 | Y55: =IF(OR(ISBLANK(F55),Y$169="N"),0,(Y$170-F55)*Y$168) -> 1.4 | Z55: =IF(OR(ISBLANK(G55),Z$169="N"),0,G55*Z$168) -> 2 | AA55: =IF(OR(ISBLANK(H55),AA$169="N"),0,H55*AA$168) -> 3 | AB55: =IF(OR(ISBLANK(I55),AB$169="N"),0,I55*AB$168) -> 4.6666667 | AC55: =IF(OR(ISBLANK(J55),AC$169="N"),0,J55*AC$168) -> 1 | AD55: =IF(OR(ISBLANK(L55),AD$169="N"),0,L55*AD$168) -> 1 | AE55: =IF(OR(ISBLANK(M55),AE$169="N"),0,M55*AE$168) -> 0 | AF55: =IF(OR(ISBLANK(N55),AF$169="N"),0,N55*AF$168) -> 1 | AG55: =IF(OR(ISBLANK(O55),AG$169="N"),0,O55*AG$168) -> 0 | AH55: =IF(OR(ISBLANK(P55),AH$169="N"),0,P55*AH$168) -> 0 | AI55: =IF(OR(ISBLANK(Q55),AI$169="N"),0,Q55*AI$168) -> 1 | AJ55: =IF(OR(ISBLANK(R55),AJ$169="N"),0,R55*AJ$168) -> 0 | AK55: =IF(OR(ISBLANK(S55),AK$169="N"),0,S55*AK$168) -> 0 | ... AN55: =IF(OR(ISBLANK(V55),AN$169="N"),0,V55*AN$168) -> 2 | AO55: =ROUND(SUM(W55:AN55),1) -> 19.6 | AP55: =ROUND(SUM(X55:AN55),1) -> 19.6
A56: ESTUN | B56: S10-140 Pro | C56: China | E56: 37 | F56: 0.03 | G56: 10 | H56: 6 | I56: 1400 | J56: 1 | K56: propr | L56: {=INDEX(DataValidation!$B$2:$B$11, _xlfn.XMATCH(K56, DataValidation!$A$2:$A$11))} -> 1 | M56: 1 | N56: 1 | O56: 0 | P56: 0 | Q56: 1 | R56: 0 | S56: 0 | T56: 0 | U56: 0 | V56: 1 | W56: =IF(OR(ISBLANK(D56),W$169="N"),0,(W$170-D56)*W$168) -> 0 | X56: =IF(OR(ISBLANK(E56),X$169="N"),0,(X$170-E56)*X$168) -> 2.52 | Y56: =IF(OR(ISBLANK(F56),Y$169="N"),0,(Y$170-F56)*Y$168) -> 1.4 | Z56: =IF(OR(ISBLANK(G56),Z$169="N"),0,G56*Z$168) -> 2 | AA56: =IF(OR(ISBLANK(H56),AA$169="N"),0,H56*AA$168) -> 3 | AB56: =IF(OR(ISBLANK(I56),AB$169="N"),0,I56*AB$168) -> 4.6666667 | AC56: =IF(OR(ISBLANK(J56),AC$169="N"),0,J56*AC$168) -> 1 | AD56: =IF(OR(ISBLANK(L56),AD$169="N"),0,L56*AD$168) -> 1 | AE56: =IF(OR(ISBLANK(M56),AE$169="N"),0,M56*AE$168) -> 1 | AF56: =IF(OR(ISBLANK(N56),AF$169="N"),0,N56*AF$168) -> 1 | AG56: =IF(OR(ISBLANK(O56),AG$169="N"),0,O56*AG$168) -> 0 | AH56: =IF(OR(ISBLANK(P56),AH$169="N"),0,P56*AH$168) -> 0 | AI56: =IF(OR(ISBLANK(Q56),AI$169="N"),0,Q56*AI$168) -> 1 | AJ56: =IF(OR(ISBLANK(R56),AJ$169="N"),0,R56*AJ$168) -> 0 | AK56: =IF(OR(ISBLANK(S56),AK$169="N"),0,S56*AK$168) -> 0 | ... AN56: =IF(OR(ISBLANK(V56),AN$169="N"),0,V56*AN$168) -> 2 | AO56: =ROUND(SUM(W56:AN56),1) -> 20.6 | AP56: =ROUND(SUM(X56:AN56),1) -> 20.6
A57: ESTUN | B57: S20-180 Eco | C57: China | E57: 58 | F57: 0.1 | G57: 20 | H57: 6 | I57: 1777.5 | J57: 1 | K57: propr | L57: {=INDEX(DataValidation!$B$2:$B$11, _xlfn.XMATCH(K57, DataValidation!$A$2:$A$11))} -> 1 | M57: 0 | N57: 1 | O57: 0 | P57: 0 | Q57: 1 | R57: 0 | S57: 0 | T57: 0 | U57: 0 | V57: 1 | W57: =IF(OR(ISBLANK(D57),W$169="N"),0,(W$170-D57)*W$168) -> 0 | X57: =IF(OR(ISBLANK(E57),X$169="N"),0,(X$170-E57)*X$168) -> 1.68 | Y57: =IF(OR(ISBLANK(F57),Y$169="N"),0,(Y$170-F57)*Y$168) -> 0 | Z57: =IF(OR(ISBLANK(G57),Z$169="N"),0,G57*Z$168) -> 4 | AA57: =IF(OR(ISBLANK(H57),AA$169="N"),0,H57*AA$168) -> 3 | AB57: =IF(OR(ISBLANK(I57),AB$169="N"),0,I57*AB$168) -> 5.925 | AC57: =IF(OR(ISBLANK(J57),AC$169="N"),0,J57*AC$168) -> 1 | AD57: =IF(OR(ISBLANK(L57),AD$169="N"),0,L57*AD$168) -> 1 | AE57: =IF(OR(ISBLANK(M57),AE$169="N"),0,M57*AE$168) -> 0 | AF57: =IF(OR(ISBLANK(N57),AF$169="N"),0,N57*AF$168) -> 1 | AG57: =IF(OR(ISBLANK(O57),AG$169="N"),0,O57*AG$168) -> 0 | AH57: =IF(OR(ISBLANK(P57),AH$169="N"),0,P57*AH$168) -> 0 | AI57: =IF(OR(ISBLANK(Q57),AI$169="N"),0,Q57*AI$168) -> 1 | AJ57: =IF(OR(ISBLANK(R57),AJ$169="N"),0,R57*AJ$168) -> 0 | AK57: =IF(OR(ISBLANK(S57),AK$169="N"),0,S57*AK$168) -> 0 | ... AN57: =IF(OR(ISBLANK(V57),AN$169="N"),0,V57*AN$168) -> 2 | AO57: =ROUND(SUM(W57:AN57),1) -> 20.6 | AP57: =ROUND(SUM(X57:AN57),1) -> 20.6
A58: ESTUN | B58: S20-180 Pro | C58: China | E58: 58 | F58: 0.1 | G58: 20 | H58: 6 | I58: 1777.5 | J58: 1 | K58: propr | L58: {=INDEX(DataValidation!$B$2:$B$11, _xlfn.XMATCH(K58, DataValidation!$A$2:$A$11))} -> 1 | M58: 1 | N58: 1 | O58: 0 | P58: 0 | Q58: 1 | R58: 0 | S58: 0 | T58: 0 | U58: 0 | V58: 1 | W58: =IF(OR(ISBLANK(D58),W$169="N"),0,(W$170-D58)*W$168) -> 0 | X58: =IF(OR(ISBLANK(E58),X$169="N"),0,(X$170-E58)*X$168) -> 1.68 | Y58: =IF(OR(ISBLANK(F58),Y$169="N"),0,(Y$170-F58)*Y$168) -> 0 | Z58: =IF(OR(ISBLANK(G58),Z$169="N"),0,G58*Z$168) -> 4 | AA58: =IF(OR(ISBLANK(H58),AA$169="N"),0,H58*AA$168) -> 3 | AB58: =IF(OR(ISBLANK(I58),AB$169="N"),0,I58*AB$168) -> 5.925 | AC58: =IF(OR(ISBLANK(J58),AC$169="N"),0,J58*AC$168) -> 1 | AD58: =IF(OR(ISBLANK(L58),AD$169="N"),0,L58*AD$168) -> 1 | AE58: =IF(OR(ISBLANK(M58),AE$169="N"),0,M58*AE$168) -> 1 | AF58: =IF(OR(ISBLANK(N58),AF$169="N"),0,N58*AF$168) -> 1 | AG58: =IF(OR(ISBLANK(O58),AG$169="N"),0,O58*AG$168) -> 0 | AH58: =IF(OR(ISBLANK(P58),AH$169="N"),0,P58*AH$168) -> 0 | AI58: =IF(OR(ISBLANK(Q58),AI$169="N"),0,Q58*AI$168) -> 1 | AJ58: =IF(OR(ISBLANK(R58),AJ$169="N"),0,R58*AJ$168) -> 0 | AK58: =IF(OR(ISBLANK(S58),AK$169="N"),0,S58*AK$168) -> 0 | ... AN58: =IF(OR(ISBLANK(V58),AN$169="N"),0,V58*AN$168) -> 2 | AO58: =ROUND(SUM(W58:AN58),1) -> 21.6 | AP58: =ROUND(SUM(X58:AN58),1) -> 21.6
A59: F&P Robotics | B59: P-Rob Eco | C59: Switzerland | D59: 26590 | E59: 16 | F59: 0.1 | G59: 5 | H59: 6 | I59: 900 | J59: 1 | K59: propr, open, mult | L59: {=INDEX(DataValidation!$B$2:$B$11, _xlfn.XMATCH(K59, DataValidation!$A$2:$A$11))} -> 3 | M59: 0 | N59: 1 | O59: 0 | P59: 0 | Q59: 1 | R59: 0 | S59: 0 | T59: 0 | U59: 0 | V59: 2 | W59: =IF(OR(ISBLANK(D59),W$169="N"),0,(W$170-D59)*W$168) -> 3.1213333 | X59: =IF(OR(ISBLANK(E59),X$169="N"),0,(X$170-E59)*X$168) -> 3.36 | Y59: =IF(OR(ISBLANK(F59),Y$169="N"),0,(Y$170-F59)*Y$168) -> 0 | Z59: =IF(OR(ISBLANK(G59),Z$169="N"),0,G59*Z$168) -> 1 | AA59: =IF(OR(ISBLANK(H59),AA$169="N"),0,H59*AA$168) -> 3 | AB59: =IF(OR(ISBLANK(I59),AB$169="N"),0,I59*AB$168) -> 3 | AC59: =IF(OR(ISBLANK(J59),AC$169="N"),0,J59*AC$168) -> 1 | AD59: =IF(OR(ISBLANK(L59),AD$169="N"),0,L59*AD$168) -> 3 | AE59: =IF(OR(ISBLANK(M59),AE$169="N"),0,M59*AE$168) -> 0 | AF59: =IF(OR(ISBLANK(N59),AF$169="N"),0,N59*AF$168) -> 1 | AG59: =IF(OR(ISBLANK(O59),AG$169="N"),0,O59*AG$168) -> 0 | AH59: =IF(OR(ISBLANK(P59),AH$169="N"),0,P59*AH$168) -> 0 | AI59: =IF(OR(ISBLANK(Q59),AI$169="N"),0,Q59*AI$168) -> 1 | AJ59: =IF(OR(ISBLANK(R59),AJ$169="N"),0,R59*AJ$168) -> 0 | AK59: =IF(OR(ISBLANK(S59),AK$169="N"),0,S59*AK$168) -> 0 | ... AN59: =IF(OR(ISBLANK(V59),AN$169="N"),0,V59*AN$168) -> 4 | AO59: =ROUND(SUM(W59:AN59),1) -> 23.5 | AP59: =ROUND(SUM(X59:AN59),1) -> 20.4
A60: Fanuc | B60: CRX-5iA | C60: Japan | D60: 32000 | E60: 25 | F60: 0.03 | G60: 5 | H60: 6 | I60: 994 | J60: 1 | K60: propr, open, mult | L60: {=INDEX(DataValidation!$B$2:$B$11, _xlfn.XMATCH(K60, DataValidation!$A$2:$A$11))} -> 3 | M60: 0 | N60: 1 | O60: 0 | P60: 1 | Q60: 1 | R60: 0 | S60: 0 | T60: 0 | U60: 0 | V60: 2 | W60: =IF(OR(ISBLANK(D60),W$169="N"),0,(W$170-D60)*W$168) -> 2.4 | X60: =IF(OR(ISBLANK(E60),X$169="N"),0,(X$170-E60)*X$168) -> 3 | Y60: =IF(OR(ISBLANK(F60),Y$169="N"),0,(Y$170-F60)*Y$168) -> 1.4 | Z60: =IF(OR(ISBLANK(G60),Z$169="N"),0,G60*Z$168) -> 1 | AA60: =IF(OR(ISBLANK(H60),AA$169="N"),0,H60*AA$168) -> 3 | AB60: =IF(OR(ISBLANK(I60),AB$169="N"),0,I60*AB$168) -> 3.3133333 | AC60: =IF(OR(ISBLANK(J60),AC$169="N"),0,J60*AC$168) -> 1 | AD60: =IF(OR(ISBLANK(L60),AD$169="N"),0,L60*AD$168) -> 3 | AE60: =IF(OR(ISBLANK(M60),AE$169="N"),0,M60*AE$168) -> 0 | AF60: =IF(OR(ISBLANK(N60),AF$169="N"),0,N60*AF$168) -> 1 | AG60: =IF(OR(ISBLANK(O60),AG$169="N"),0,O60*AG$168) -> 0 | AH60: =IF(OR(ISBLANK(P60),AH$169="N"),0,P60*AH$168) -> 1 | AI60: =IF(OR(ISBLANK(Q60),AI$169="N"),0,Q60*AI$168) -> 1 | AJ60: =IF(OR(ISBLANK(R60),AJ$169="N"),0,R60*AJ$168) -> 0 | AK60: =IF(OR(ISBLANK(S60),AK$169="N"),0,S60*AK$168) -> 0 | ... AN60: =IF(OR(ISBLANK(V60),AN$169="N"),0,V60*AN$168) -> 4 | AO60: =ROUND(SUM(W60:AN60),1) -> 25.1 | AP60: =ROUND(SUM(X60:AN60),1) -> 22.7
A61: Fanuc | B61: CRX-10iA | C61: Japan | D61: 37000 | E61: 40 | F61: 0.04 | G61: 10 | H61: 6 | I61: 1249 | J61: 1 | K61: propr, open, mult | L61: {=INDEX(DataValidation!$B$2:$B$11, _xlfn.XMATCH(K61, DataValidation!$A$2:$A$11))} -> 3 | M61: 0 | N61: 1 | O61: 1 | P61: 1 | Q61: 1 | R61: 1 | S61: 0 | T61: 1 | U61: 0 | V61: 2 | W61: =IF(OR(ISBLANK(D61),W$169="N"),0,(W$170-D61)*W$168) -> 1.7333333 | X61: =IF(OR(ISBLANK(E61),X$169="N"),0,(X$170-E61)*X$168) -> 2.4 | Y61: =IF(OR(ISBLANK(F61),Y$169="N"),0,(Y$170-F61)*Y$168) -> 1.2 | Z61: =IF(OR(ISBLANK(G61),Z$169="N"),0,G61*Z$168) -> 2 | AA61: =IF(OR(ISBLANK(H61),AA$169="N"),0,H61*AA$168) -> 3 | AB61: =IF(OR(ISBLANK(I61),AB$169="N"),0,I61*AB$168) -> 4.1633333 | AC61: =IF(OR(ISBLANK(J61),AC$169="N"),0,J61*AC$168) -> 1 | AD61: =IF(OR(ISBLANK(L61),AD$169="N"),0,L61*AD$168) -> 3 | AE61: =IF(OR(ISBLANK(M61),AE$169="N"),0,M61*AE$168) -> 0 | AF61: =IF(OR(ISBLANK(N61),AF$169="N"),0,N61*AF$168) -> 1 | AG61: =IF(OR(ISBLANK(O61),AG$169="N"),0,O61*AG$168) -> 1 | AH61: =IF(OR(ISBLANK(P61),AH$169="N"),0,P61*AH$168) -> 1 | AI61: =IF(OR(ISBLANK(Q61),AI$169="N"),0,Q61*AI$168) -> 1 | AJ61: =IF(OR(ISBLANK(R61),AJ$169="N"),0,R61*AJ$168) -> 1 | AK61: =IF(OR(ISBLANK(S61),AK$169="N"),0,S61*AK$168) -> 0 | ... AN61: =IF(OR(ISBLANK(V61),AN$169="N"),0,V61*AN$168) -> 4 | AO61: =ROUND(SUM(W61:AN61),1) -> 28 | AP61: =ROUND(SUM(X61:AN61),1) -> 26.3
A62: Fanuc | B62: CRX-10iA/L | C62: Japan | D62: 38500 | E62: 40 | F62: 0.04 | G62: 10 | H62: 6 | I62: 1418 | J62: 1 | K62: propr, open, mult | L62: {=INDEX(DataValidation!$B$2:$B$11, _xlfn.XMATCH(K62, DataValidation!$A$2:$A$11))} -> 3 | M62: 0 | N62: 1 | O62: 1 | P62: 1 | Q62: 1 | R62: 1 | S62: 0 | T62: 1 | U62: 0 | V62: 2 | W62: =IF(OR(ISBLANK(D62),W$169="N"),0,(W$170-D62)*W$168) -> 1.5333333 | X62: =IF(OR(ISBLANK(E62),X$169="N"),0,(X$170-E62)*X$168) -> 2.4 | Y62: =IF(OR(ISBLANK(F62),Y$169="N"),0,(Y$170-F62)*Y$168) -> 1.2 | Z62: =IF(OR(ISBLANK(G62),Z$169="N"),0,G62*Z$168) -> 2 | AA62: =IF(OR(ISBLANK(H62),AA$169="N"),0,H62*AA$168) -> 3 | AB62: =IF(OR(ISBLANK(I62),AB$169="N"),0,I62*AB$168) -> 4.7266667 | AC62: =IF(OR(ISBLANK(J62),AC$169="N"),0,J62*AC$168) -> 1 | AD62: =IF(OR(ISBLANK(L62),AD$169="N"),0,L62*AD$168) -> 3 | AE62: =IF(OR(ISBLANK(M62),AE$169="N"),0,M62*AE$168) -> 0 | AF62: =IF(OR(ISBLANK(N62),AF$169="N"),0,N62*AF$168) -> 1 | AG62: =IF(OR(ISBLANK(O62),AG$169="N"),0,O62*AG$168) -> 1 | AH62: =IF(OR(ISBLANK(P62),AH$169="N"),0,P62*AH$168) -> 1 | AI62: =IF(OR(ISBLANK(Q62),AI$169="N"),0,Q62*AI$168) -> 1 | AJ62: =IF(OR(ISBLANK(R62),AJ$169="N"),0,R62*AJ$168) -> 1 | AK62: =IF(OR(ISBLANK(S62),AK$169="N"),0,S62*AK$168) -> 0 | ... AN62: =IF(OR(ISBLANK(V62),AN$169="N"),0,V62*AN$168) -> 4 | AO62: =ROUND(SUM(W62:AN62),1) -> 28.4 | AP62: =ROUND(SUM(X62:AN62),1) -> 26.8
A63: Fanuc | B63: CRX-20iA/L | C63: Japan | D63: 45000 | E63: 41 | F63: 0.04 | G63: 20 | H63: 6 | I63: 1418 | J63: 1 | K63: propr, open, mult | L63: {=INDEX(DataValidation!$B$2:$B$11, _xlfn.XMATCH(K63, DataValidation!$A$2:$A$11))} -> 3 | M63: 0 | N63: 1 | O63: 1 | P63: 1 | Q63: 1 | R63: 1 | S63: 0 | T63: 1 | U63: 0 | V63: 2 | W63: =IF(OR(ISBLANK(D63),W$169="N"),0,(W$170-D63)*W$168) -> 0.66666667 | X63: =IF(OR(ISBLANK(E63),X$169="N"),0,(X$170-E63)*X$168) -> 2.36 | Y63: =IF(OR(ISBLANK(F63),Y$169="N"),0,(Y$170-F63)*Y$168) -> 1.2 | Z63: =IF(OR(ISBLANK(G63),Z$169="N"),0,G63*Z$168) -> 4 | AA63: =IF(OR(ISBLANK(H63),AA$169="N"),0,H63*AA$168) -> 3 | AB63: =IF(OR(ISBLANK(I63),AB$169="N"),0,I63*AB$168) -> 4.7266667 | AC63: =IF(OR(ISBLANK(J63),AC$169="N"),0,J63*AC$168) -> 1 | AD63: =IF(OR(ISBLANK(L63),AD$169="N"),0,L63*AD$168) -> 3 | AE63: =IF(OR(ISBLANK(M63),AE$169="N"),0,M63*AE$168) -> 0 | AF63: =IF(OR(ISBLANK(N63),AF$169="N"),0,N63*AF$168) -> 1 | AG63: =IF(OR(ISBLANK(O63),AG$169="N"),0,O63*AG$168) -> 1 | AH63: =IF(OR(ISBLANK(P63),AH$169="N"),0,P63*AH$168) -> 1 | AI63: =IF(OR(ISBLANK(Q63),AI$169="N"),0,Q63*AI$168) -> 1 | AJ63: =IF(OR(ISBLANK(R63),AJ$169="N"),0,R63*AJ$168) -> 1 | AK63: =IF(OR(ISBLANK(S63),AK$169="N"),0,S63*AK$168) -> 0 | ... AN63: =IF(OR(ISBLANK(V63),AN$169="N"),0,V63*AN$168) -> 4 | AO63: =ROUND(SUM(W63:AN63),1) -> 29.5 | AP63: =ROUND(SUM(X63:AN63),1) -> 28.8
A64: Fanuc | B64: CRX-25iA | C64: Japan | D64: 52000 | E64: 135 | F64: 0.05 | G64: 30 | H64: 6 | I64: 1889 | J64: 1 | K64: propr, open, mult | L64: {=INDEX(DataValidation!$B$2:$B$11, _xlfn.XMATCH(K64, DataValidation!$A$2:$A$11))} -> 3 | M64: 0 | N64: 1 | O64: 1 | P64: 1 | Q64: 1 | R64: 1 | S64: 0 | T64: 1 | U64: 0 | V64: 2 | W64: =IF(OR(ISBLANK(D64),W$169="N"),0,(W$170-D64)*W$168) -> -0.26666667 | X64: =IF(OR(ISBLANK(E64),X$169="N"),0,(X$170-E64)*X$168) -> -1.4 | Y64: =IF(OR(ISBLANK(F64),Y$169="N"),0,(Y$170-F64)*Y$168) -> 1 | Z64: =IF(OR(ISBLANK(G64),Z$169="N"),0,G64*Z$168) -> 6 | AA64: =IF(OR(ISBLANK(H64),AA$169="N"),0,H64*AA$168) -> 3 | AB64: =IF(OR(ISBLANK(I64),AB$169="N"),0,I64*AB$168) -> 6.2966667 | AC64: =IF(OR(ISBLANK(J64),AC$169="N"),0,J64*AC$168) -> 1 | AD64: =IF(OR(ISBLANK(L64),AD$169="N"),0,L64*AD$168) -> 3 | AE64: =IF(OR(ISBLANK(M64),AE$169="N"),0,M64*AE$168) -> 0 | AF64: =IF(OR(ISBLANK(N64),AF$169="N"),0,N64*AF$168) -> 1 | AG64: =IF(OR(ISBLANK(O64),AG$169="N"),0,O64*AG$168) -> 1 | AH64: =IF(OR(ISBLANK(P64),AH$169="N"),0,P64*AH$168) -> 1 | AI64: =IF(OR(ISBLANK(Q64),AI$169="N"),0,Q64*AI$168) -> 1 | AJ64: =IF(OR(ISBLANK(R64),AJ$169="N"),0,R64*AJ$168) -> 1 | AK64: =IF(OR(ISBLANK(S64),AK$169="N"),0,S64*AK$168) -> 0 | ... AN64: =IF(OR(ISBLANK(V64),AN$169="N"),0,V64*AN$168) -> 4 | AO64: =ROUND(SUM(W64:AN64),1) -> 28.1 | AP64: =ROUND(SUM(X64:AN64),1) -> 28.4
A65: Fanuc | B65: CRX-30iA | C65: Japan | E65: 135 | F65: 0.05 | G65: 30 | H65: 6 | I65: 1756 | J65: 1 | K65: propr, open, mult | L65: {=INDEX(DataValidation!$B$2:$B$11, _xlfn.XMATCH(K65, DataValidation!$A$2:$A$11))} -> 3 | M65: 0 | N65: 1 | O65: 1 | P65: 1 | Q65: 1 | R65: 1 | S65: 0 | T65: 1 | U65: 0 | V65: 2 | W65: =IF(OR(ISBLANK(D65),W$169="N"),0,(W$170-D65)*W$168) -> 0 | X65: =IF(OR(ISBLANK(E65),X$169="N"),0,(X$170-E65)*X$168) -> -1.4 | Y65: =IF(OR(ISBLANK(F65),Y$169="N"),0,(Y$170-F65)*Y$168) -> 1 | Z65: =IF(OR(ISBLANK(G65),Z$169="N"),0,G65*Z$168) -> 6 | AA65: =IF(OR(ISBLANK(H65),AA$169="N"),0,H65*AA$168) -> 3 | AB65: =IF(OR(ISBLANK(I65),AB$169="N"),0,I65*AB$168) -> 5.8533333 | AC65: =IF(OR(ISBLANK(J65),AC$169="N"),0,J65*AC$168) -> 1 | AD65: =IF(OR(ISBLANK(L65),AD$169="N"),0,L65*AD$168) -> 3 | AE65: =IF(OR(ISBLANK(M65),AE$169="N"),0,M65*AE$168) -> 0 | AF65: =IF(OR(ISBLANK(N65),AF$169="N"),0,N65*AF$168) -> 1 | AG65: =IF(OR(ISBLANK(O65),AG$169="N"),0,O65*AG$168) -> 1 | AH65: =IF(OR(ISBLANK(P65),AH$169="N"),0,P65*AH$168) -> 1 | AI65: =IF(OR(ISBLANK(Q65),AI$169="N"),0,Q65*AI$168) -> 1 | AJ65: =IF(OR(ISBLANK(R65),AJ$169="N"),0,R65*AJ$168) -> 1 | AK65: =IF(OR(ISBLANK(S65),AK$169="N"),0,S65*AK$168) -> 0 | ... AN65: =IF(OR(ISBLANK(V65),AN$169="N"),0,V65*AN$168) -> 4 | AO65: =ROUND(SUM(W65:AN65),1) -> 28 | AP65: =ROUND(SUM(X65:AN65),1) -> 28
A66: Flexiv | B66: Rizon 4 | C66: China | E66: 20 | F66: 0.05 | G66: 4 | H66: 7 | I66: 876 | J66: 1 | K66: propr | L66: {=INDEX(DataValidation!$B$2:$B$11, _xlfn.XMATCH(K66, DataValidation!$A$2:$A$11))} -> 1 | M66: 0 | N66: 1 | O66: 0 | P66: 1 | Q66: 0 | R66: 0 | S66: 0 | T66: 0 | U66: 0 | V66: 1 | W66: =IF(OR(ISBLANK(D66),W$169="N"),0,(W$170-D66)*W$168) -> 0 | X66: =IF(OR(ISBLANK(E66),X$169="N"),0,(X$170-E66)*X$168) -> 3.2 | Y66: =IF(OR(ISBLANK(F66),Y$169="N"),0,(Y$170-F66)*Y$168) -> 1 | Z66: =IF(OR(ISBLANK(G66),Z$169="N"),0,G66*Z$168) -> 0.8 | AA66: =IF(OR(ISBLANK(H66),AA$169="N"),0,H66*AA$168) -> 3.5 | AB66: =IF(OR(ISBLANK(I66),AB$169="N"),0,I66*AB$168) -> 2.92 | AC66: =IF(OR(ISBLANK(J66),AC$169="N"),0,J66*AC$168) -> 1 | AD66: =IF(OR(ISBLANK(L66),AD$169="N"),0,L66*AD$168) -> 1 | AE66: =IF(OR(ISBLANK(M66),AE$169="N"),0,M66*AE$168) -> 0 | AF66: =IF(OR(ISBLANK(N66),AF$169="N"),0,N66*AF$168) -> 1 | AG66: =IF(OR(ISBLANK(O66),AG$169="N"),0,O66*AG$168) -> 0 | AH66: =IF(OR(ISBLANK(P66),AH$169="N"),0,P66*AH$168) -> 1 | AI66: =IF(OR(ISBLANK(Q66),AI$169="N"),0,Q66*AI$168) -> 0 | AJ66: =IF(OR(ISBLANK(R66),AJ$169="N"),0,R66*AJ$168) -> 0 | AK66: =IF(OR(ISBLANK(S66),AK$169="N"),0,S66*AK$168) -> 0 | ... AN66: =IF(OR(ISBLANK(V66),AN$169="N"),0,V66*AN$168) -> 2 | AO66: =ROUND(SUM(W66:AN66),1) -> 17.4 | AP66: =ROUND(SUM(X66:AN66),1) -> 17.4
A67: Hanwha Robotics | B67: HCR-14 | C67: South Korea | E67: 42 | F67: 0.04 | G67: 14 | H67: 6 | I67: 1420 | J67: 1 | K67: propr | L67: {=INDEX(DataValidation!$B$2:$B$11, _xlfn.XMATCH(K67, DataValidation!$A$2:$A$11))} -> 1 | M67: 0 | N67: 1 | O67: 1 | P67: 0 | Q67: 1 | R67: 0 | S67: 0 | T67: 1 | U67: 0 | V67: 2 | W67: =IF(OR(ISBLANK(D67),W$169="N"),0,(W$170-D67)*W$168) -> 0 | X67: =IF(OR(ISBLANK(E67),X$169="N"),0,(X$170-E67)*X$168) -> 2.32 | Y67: =IF(OR(ISBLANK(F67),Y$169="N"),0,(Y$170-F67)*Y$168) -> 1.2 | Z67: =IF(OR(ISBLANK(G67),Z$169="N"),0,G67*Z$168) -> 2.8 | AA67: =IF(OR(ISBLANK(H67),AA$169="N"),0,H67*AA$168) -> 3 | AB67: =IF(OR(ISBLANK(I67),AB$169="N"),0,I67*AB$168) -> 4.7333333 | AC67: =IF(OR(ISBLANK(J67),AC$169="N"),0,J67*AC$168) -> 1 | AD67: =IF(OR(ISBLANK(L67),AD$169="N"),0,L67*AD$168) -> 1 | AE67: =IF(OR(ISBLANK(M67),AE$169="N"),0,M67*AE$168) -> 0 | AF67: =IF(OR(ISBLANK(N67),AF$169="N"),0,N67*AF$168) -> 1 | AG67: =IF(OR(ISBLANK(O67),AG$169="N"),0,O67*AG$168) -> 1 | AH67: =IF(OR(ISBLANK(P67),AH$169="N"),0,P67*AH$168) -> 0 | AI67: =IF(OR(ISBLANK(Q67),AI$169="N"),0,Q67*AI$168) -> 1 | AJ67: =IF(OR(ISBLANK(R67),AJ$169="N"),0,R67*AJ$168) -> 0 | AK67: =IF(OR(ISBLANK(S67),AK$169="N"),0,S67*AK$168) -> 0 | ... AN67: =IF(OR(ISBLANK(V67),AN$169="N"),0,V67*AN$168) -> 4 | AO67: =ROUND(SUM(W67:AN67),1) -> 23.6 | AP67: =ROUND(SUM(X67:AN67),1) -> 23.6
A68: Hyundai Robotics | B68: YL012 | C68: South Korea | E68: 43 | F68: 0.1 | G68: 12 | H68: 6 | I68: 1350 | J68: 1 | K68: propr | L68: {=INDEX(DataValidation!$B$2:$B$11, _xlfn.XMATCH(K68, DataValidation!$A$2:$A$11))} -> 1 | M68: 0 | N68: 1 | O68: 1 | P68: 1 | Q68: 1 | R68: 1 | S68: 1 | T68: 1 | U68: 0 | V68: 2 | W68: =IF(OR(ISBLANK(D68),W$169="N"),0,(W$170-D68)*W$168) -> 0 | X68: =IF(OR(ISBLANK(E68),X$169="N"),0,(X$170-E68)*X$168) -> 2.28 | Y68: =IF(OR(ISBLANK(F68),Y$169="N"),0,(Y$170-F68)*Y$168) -> 0 | Z68: =IF(OR(ISBLANK(G68),Z$169="N"),0,G68*Z$168) -> 2.4 | AA68: =IF(OR(ISBLANK(H68),AA$169="N"),0,H68*AA$168) -> 3 | AB68: =IF(OR(ISBLANK(I68),AB$169="N"),0,I68*AB$168) -> 4.5 | AC68: =IF(OR(ISBLANK(J68),AC$169="N"),0,J68*AC$168) -> 1 | AD68: =IF(OR(ISBLANK(L68),AD$169="N"),0,L68*AD$168) -> 1 | AE68: =IF(OR(ISBLANK(M68),AE$169="N"),0,M68*AE$168) -> 0 | AF68: =IF(OR(ISBLANK(N68),AF$169="N"),0,N68*AF$168) -> 1 | AG68: =IF(OR(ISBLANK(O68),AG$169="N"),0,O68*AG$168) -> 1 | AH68: =IF(OR(ISBLANK(P68),AH$169="N"),0,P68*AH$168) -> 1 | AI68: =IF(OR(ISBLANK(Q68),AI$169="N"),0,Q68*AI$168) -> 1 | AJ68: =IF(OR(ISBLANK(R68),AJ$169="N"),0,R68*AJ$168) -> 1 | AK68: =IF(OR(ISBLANK(S68),AK$169="N"),0,S68*AK$168) -> 0.5 | ... AN68: =IF(OR(ISBLANK(V68),AN$169="N"),0,V68*AN$168) -> 4 | AO68: =ROUND(SUM(W68:AN68),1) -> 24.2 | AP68: =ROUND(SUM(X68:AN68),1) -> 24.2
A69: Hyundai Robotics | B69: YL005 | C69: South Korea | E69: 27 | F69: 0.01 | G69: 5 | H69: 6 | I69: 916 | J69: 1 | K69: propr | L69: {=INDEX(DataValidation!$B$2:$B$11, _xlfn.XMATCH(K69, DataValidation!$A$2:$A$11))} -> 1 | M69: 0 | N69: 1 | O69: 1 | P69: 1 | Q69: 1 | R69: 1 | S69: 1 | T69: 1 | U69: 0 | V69: 2 | W69: =IF(OR(ISBLANK(D69),W$169="N"),0,(W$170-D69)*W$168) -> 0 | X69: =IF(OR(ISBLANK(E69),X$169="N"),0,(X$170-E69)*X$168) -> 2.92 | Y69: =IF(OR(ISBLANK(F69),Y$169="N"),0,(Y$170-F69)*Y$168) -> 1.8 | Z69: =IF(OR(ISBLANK(G69),Z$169="N"),0,G69*Z$168) -> 1 | AA69: =IF(OR(ISBLANK(H69),AA$169="N"),0,H69*AA$168) -> 3 | AB69: =IF(OR(ISBLANK(I69),AB$169="N"),0,I69*AB$168) -> 3.0533333 | AC69: =IF(OR(ISBLANK(J69),AC$169="N"),0,J69*AC$168) -> 1 | AD69: =IF(OR(ISBLANK(L69),AD$169="N"),0,L69*AD$168) -> 1 | AE69: =IF(OR(ISBLANK(M69),AE$169="N"),0,M69*AE$168) -> 0 | AF69: =IF(OR(ISBLANK(N69),AF$169="N"),0,N69*AF$168) -> 1 | AG69: =IF(OR(ISBLANK(O69),AG$169="N"),0,O69*AG$168) -> 1 | AH69: =IF(OR(ISBLANK(P69),AH$169="N"),0,P69*AH$168) -> 1 | AI69: =IF(OR(ISBLANK(Q69),AI$169="N"),0,Q69*AI$168) -> 1 | AJ69: =IF(OR(ISBLANK(R69),AJ$169="N"),0,R69*AJ$168) -> 1 | AK69: =IF(OR(ISBLANK(S69),AK$169="N"),0,S69*AK$168) -> 0.5 | ... AN69: =IF(OR(ISBLANK(V69),AN$169="N"),0,V69*AN$168) -> 4 | AO69: =ROUND(SUM(W69:AN69),1) -> 23.8 | AP69: =ROUND(SUM(X69:AN69),1) -> 23.8
A70: Hyundai Robotics | B70: YL015 | C70: South Korea | E70: 42 | F70: 0.01 | G70: 15 | H70: 6 | I70: 963 | J70: 1 | K70: propr | L70: {=INDEX(DataValidation!$B$2:$B$11, _xlfn.XMATCH(K70, DataValidation!$A$2:$A$11))} -> 1 | M70: 0 | N70: 1 | O70: 1 | P70: 1 | Q70: 1 | R70: 1 | S70: 1 | T70: 1 | U70: 0 | V70: 2 | W70: =IF(OR(ISBLANK(D70),W$169="N"),0,(W$170-D70)*W$168) -> 0 | X70: =IF(OR(ISBLANK(E70),X$169="N"),0,(X$170-E70)*X$168) -> 2.32 | Y70: =IF(OR(ISBLANK(F70),Y$169="N"),0,(Y$170-F70)*Y$168) -> 1.8 | Z70: =IF(OR(ISBLANK(G70),Z$169="N"),0,G70*Z$168) -> 3 | AA70: =IF(OR(ISBLANK(H70),AA$169="N"),0,H70*AA$168) -> 3 | AB70: =IF(OR(ISBLANK(I70),AB$169="N"),0,I70*AB$168) -> 3.21 | AC70: =IF(OR(ISBLANK(J70),AC$169="N"),0,J70*AC$168) -> 1 | AD70: =IF(OR(ISBLANK(L70),AD$169="N"),0,L70*AD$168) -> 1 | AE70: =IF(OR(ISBLANK(M70),AE$169="N"),0,M70*AE$168) -> 0 | AF70: =IF(OR(ISBLANK(N70),AF$169="N"),0,N70*AF$168) -> 1 | AG70: =IF(OR(ISBLANK(O70),AG$169="N"),0,O70*AG$168) -> 1 | AH70: =IF(OR(ISBLANK(P70),AH$169="N"),0,P70*AH$168) -> 1 | AI70: =IF(OR(ISBLANK(Q70),AI$169="N"),0,Q70*AI$168) -> 1 | AJ70: =IF(OR(ISBLANK(R70),AJ$169="N"),0,R70*AJ$168) -> 1 | AK70: =IF(OR(ISBLANK(S70),AK$169="N"),0,S70*AK$168) -> 0.5 | ... AN70: =IF(OR(ISBLANK(V70),AN$169="N"),0,V70*AN$168) -> 4 | AO70: =ROUND(SUM(W70:AN70),1) -> 25.3 | AP70: =ROUND(SUM(X70:AN70),1) -> 25.3
A71: igus | B71: ReBeL-4DOF-02 | C71: Germany | D71: 4250 | E71: 6 | F71: 1 | G71: 3 | H71: 4 | I71: 495 | J71: 1 | K71: propr | L71: {=INDEX(DataValidation!$B$2:$B$11, _xlfn.XMATCH(K71, DataValidation!$A$2:$A$11))} -> 1 | M71: 0 | N71: 1 | O71: 0 | P71: 0 | Q71: 1 | R71: 0 | S71: 1 | T71: 1 | U71: 0 | V71: 2 | W71: =IF(OR(ISBLANK(D71),W$169="N"),0,(W$170-D71)*W$168) -> 6.1 | X71: =IF(OR(ISBLANK(E71),X$169="N"),0,(X$170-E71)*X$168) -> 3.76 | Y71: =IF(OR(ISBLANK(F71),Y$169="N"),0,(Y$170-F71)*Y$168) -> -18 | Z71: =IF(OR(ISBLANK(G71),Z$169="N"),0,G71*Z$168) -> 0.6 | AA71: =IF(OR(ISBLANK(H71),AA$169="N"),0,H71*AA$168) -> 2 | AB71: =IF(OR(ISBLANK(I71),AB$169="N"),0,I71*AB$168) -> 1.65 | AC71: =IF(OR(ISBLANK(J71),AC$169="N"),0,J71*AC$168) -> 1 | AD71: =IF(OR(ISBLANK(L71),AD$169="N"),0,L71*AD$168) -> 1 | AE71: =IF(OR(ISBLANK(M71),AE$169="N"),0,M71*AE$168) -> 0 | AF71: =IF(OR(ISBLANK(N71),AF$169="N"),0,N71*AF$168) -> 1 | AG71: =IF(OR(ISBLANK(O71),AG$169="N"),0,O71*AG$168) -> 0 | AH71: =IF(OR(ISBLANK(P71),AH$169="N"),0,P71*AH$168) -> 0 | AI71: =IF(OR(ISBLANK(Q71),AI$169="N"),0,Q71*AI$168) -> 1 | AJ71: =IF(OR(ISBLANK(R71),AJ$169="N"),0,R71*AJ$168) -> 0 | AK71: =IF(OR(ISBLANK(S71),AK$169="N"),0,S71*AK$168) -> 0.5 | ... AN71: =IF(OR(ISBLANK(V71),AN$169="N"),0,V71*AN$168) -> 4 | AO71: =ROUND(SUM(W71:AN71),1) -> 5.1 | AP71: =ROUND(SUM(X71:AN71),1) -> -1
A72: igus | B72: ReBeL-4DOF-OS | C72: Germany | D72: 2900 | E72: 7 | F72: 1 | G72: 3 | H72: 4 | I72: 495 | J72: 1 | K72: open, mult | L72: {=INDEX(DataValidation!$B$2:$B$11, _xlfn.XMATCH(K72, DataValidation!$A$2:$A$11))} -> 3 | M72: 0 | N72: 1 | O72: 0 | P72: 0 | Q72: 1 | R72: 0 | S72: 1 | T72: 1 | U72: 0 | V72: 2 | W72: =IF(OR(ISBLANK(D72),W$169="N"),0,(W$170-D72)*W$168) -> 6.28 | X72: =IF(OR(ISBLANK(E72),X$169="N"),0,(X$170-E72)*X$168) -> 3.72 | Y72: =IF(OR(ISBLANK(F72),Y$169="N"),0,(Y$170-F72)*Y$168) -> -18 | Z72: =IF(OR(ISBLANK(G72),Z$169="N"),0,G72*Z$168) -> 0.6 | AA72: =IF(OR(ISBLANK(H72),AA$169="N"),0,H72*AA$168) -> 2 | AB72: =IF(OR(ISBLANK(I72),AB$169="N"),0,I72*AB$168) -> 1.65 | AC72: =IF(OR(ISBLANK(J72),AC$169="N"),0,J72*AC$168) -> 1 | AD72: =IF(OR(ISBLANK(L72),AD$169="N"),0,L72*AD$168) -> 3 | AE72: =IF(OR(ISBLANK(M72),AE$169="N"),0,M72*AE$168) -> 0 | AF72: =IF(OR(ISBLANK(N72),AF$169="N"),0,N72*AF$168) -> 1 | AG72: =IF(OR(ISBLANK(O72),AG$169="N"),0,O72*AG$168) -> 0 | AH72: =IF(OR(ISBLANK(P72),AH$169="N"),0,P72*AH$168) -> 0 | AI72: =IF(OR(ISBLANK(Q72),AI$169="N"),0,Q72*AI$168) -> 1 | AJ72: =IF(OR(ISBLANK(R72),AJ$169="N"),0,R72*AJ$168) -> 0 | AK72: =IF(OR(ISBLANK(S72),AK$169="N"),0,S72*AK$168) -> 0.5 | ... AN72: =IF(OR(ISBLANK(V72),AN$169="N"),0,V72*AN$168) -> 4 | AO72: =ROUND(SUM(W72:AN72),1) -> 7.3 | AP72: =ROUND(SUM(X72:AN72),1) -> 1
A73: igus | B73: ReBeL-6DOF-02 | C73: Germany | D73: 4970 | E73: 8 | F73: 1 | G73: 2 | H73: 6 | I73: 664 | J73: 1 | K73: propr | L73: {=INDEX(DataValidation!$B$2:$B$11, _xlfn.XMATCH(K73, DataValidation!$A$2:$A$11))} -> 1 | M73: 0 | N73: 1 | O73: 0 | P73: 0 | Q73: 1 | R73: 0 | S73: 1 | T73: 1 | U73: 0 | V73: 2 | W73: =IF(OR(ISBLANK(D73),W$169="N"),0,(W$170-D73)*W$168) -> 6.004 | X73: =IF(OR(ISBLANK(E73),X$169="N"),0,(X$170-E73)*X$168) -> 3.68 | Y73: =IF(OR(ISBLANK(F73),Y$169="N"),0,(Y$170-F73)*Y$168) -> -18 | Z73: =IF(OR(ISBLANK(G73),Z$169="N"),0,G73*Z$168) -> 0.4 | AA73: =IF(OR(ISBLANK(H73),AA$169="N"),0,H73*AA$168) -> 3 | AB73: =IF(OR(ISBLANK(I73),AB$169="N"),0,I73*AB$168) -> 2.2133333 | AC73: =IF(OR(ISBLANK(J73),AC$169="N"),0,J73*AC$168) -> 1 | AD73: =IF(OR(ISBLANK(L73),AD$169="N"),0,L73*AD$168) -> 1 | AE73: =IF(OR(ISBLANK(M73),AE$169="N"),0,M73*AE$168) -> 0 | AF73: =IF(OR(ISBLANK(N73),AF$169="N"),0,N73*AF$168) -> 1 | AG73: =IF(OR(ISBLANK(O73),AG$169="N"),0,O73*AG$168) -> 0 | AH73: =IF(OR(ISBLANK(P73),AH$169="N"),0,P73*AH$168) -> 0 | AI73: =IF(OR(ISBLANK(Q73),AI$169="N"),0,Q73*AI$168) -> 1 | AJ73: =IF(OR(ISBLANK(R73),AJ$169="N"),0,R73*AJ$168) -> 0 | AK73: =IF(OR(ISBLANK(S73),AK$169="N"),0,S73*AK$168) -> 0.5 | ... AN73: =IF(OR(ISBLANK(V73),AN$169="N"),0,V73*AN$168) -> 4 | AO73: =ROUND(SUM(W73:AN73),1) -> 6.3 | AP73: =ROUND(SUM(X73:AN73),1) -> 0.3
A74: igus | B74: ReBeL-6DOF-OS | C74: Germany | D74: 4200 | E74: 8 | F74: 1 | G74: 2 | H74: 6 | I74: 664 | J74: 1 | K74: open, mult | L74: {=INDEX(DataValidation!$B$2:$B$11, _xlfn.XMATCH(K74, DataValidation!$A$2:$A$11))} -> 3 | M74: 0 | N74: 1 | O74: 0 | P74: 0 | Q74: 1 | R74: 0 | S74: 1 | T74: 1 | U74: 0 | V74: 2 | W74: =IF(OR(ISBLANK(D74),W$169="N"),0,(W$170-D74)*W$168) -> 6.1066667 | X74: =IF(OR(ISBLANK(E74),X$169="N"),0,(X$170-E74)*X$168) -> 3.68 | Y74: =IF(OR(ISBLANK(F74),Y$169="N"),0,(Y$170-F74)*Y$168) -> -18 | Z74: =IF(OR(ISBLANK(G74),Z$169="N"),0,G74*Z$168) -> 0.4 | AA74: =IF(OR(ISBLANK(H74),AA$169="N"),0,H74*AA$168) -> 3 | AB74: =IF(OR(ISBLANK(I74),AB$169="N"),0,I74*AB$168) -> 2.2133333 | AC74: =IF(OR(ISBLANK(J74),AC$169="N"),0,J74*AC$168) -> 1 | AD74: =IF(OR(ISBLANK(L74),AD$169="N"),0,L74*AD$168) -> 3 | AE74: =IF(OR(ISBLANK(M74),AE$169="N"),0,M74*AE$168) -> 0 | AF74: =IF(OR(ISBLANK(N74),AF$169="N"),0,N74*AF$168) -> 1 | AG74: =IF(OR(ISBLANK(O74),AG$169="N"),0,O74*AG$168) -> 0 | AH74: =IF(OR(ISBLANK(P74),AH$169="N"),0,P74*AH$168) -> 0 | AI74: =IF(OR(ISBLANK(Q74),AI$169="N"),0,Q74*AI$168) -> 1 | AJ74: =IF(OR(ISBLANK(R74),AJ$169="N"),0,R74*AJ$168) -> 0 | AK74: =IF(OR(ISBLANK(S74),AK$169="N"),0,S74*AK$168) -> 0.5 | ... AN74: =IF(OR(ISBLANK(V74),AN$169="N"),0,V74*AN$168) -> 4 | AO74: =ROUND(SUM(W74:AN74),1) -> 8.4 | AP74: =ROUND(SUM(X74:AN74),1) -> 2.3
A75: JAKA | B75: Zu 3 | C75: Germany | D75: 16500 | E75: 12 | F75: 0.02 | G75: 3 | H75: 6 | I75: 626 | J75: 1 | K75: propr, mult | L75: {=INDEX(DataValidation!$B$2:$B$11, _xlfn.XMATCH(K75, DataValidation!$A$2:$A$11))} -> 2 | M75: 0 | N75: 1 | O75: 0 | P75: 1 | Q75: 1 | R75: 1 | S75: 0 | T75: 1 | U75: 0 | V75: 2 | W75: =IF(OR(ISBLANK(D75),W$169="N"),0,(W$170-D75)*W$168) -> 4.4666667 | X75: =IF(OR(ISBLANK(E75),X$169="N"),0,(X$170-E75)*X$168) -> 3.52 | Y75: =IF(OR(ISBLANK(F75),Y$169="N"),0,(Y$170-F75)*Y$168) -> 1.6 | Z75: =IF(OR(ISBLANK(G75),Z$169="N"),0,G75*Z$168) -> 0.6 | AA75: =IF(OR(ISBLANK(H75),AA$169="N"),0,H75*AA$168) -> 3 | AB75: =IF(OR(ISBLANK(I75),AB$169="N"),0,I75*AB$168) -> 2.0866667 | AC75: =IF(OR(ISBLANK(J75),AC$169="N"),0,J75*AC$168) -> 1 | AD75: =IF(OR(ISBLANK(L75),AD$169="N"),0,L75*AD$168) -> 2 | AE75: =IF(OR(ISBLANK(M75),AE$169="N"),0,M75*AE$168) -> 0 | AF75: =IF(OR(ISBLANK(N75),AF$169="N"),0,N75*AF$168) -> 1 | AG75: =IF(OR(ISBLANK(O75),AG$169="N"),0,O75*AG$168) -> 0 | AH75: =IF(OR(ISBLANK(P75),AH$169="N"),0,P75*AH$168) -> 1 | AI75: =IF(OR(ISBLANK(Q75),AI$169="N"),0,Q75*AI$168) -> 1 | AJ75: =IF(OR(ISBLANK(R75),AJ$169="N"),0,R75*AJ$168) -> 1 | AK75: =IF(OR(ISBLANK(S75),AK$169="N"),0,S75*AK$168) -> 0 | ... AN75: =IF(OR(ISBLANK(V75),AN$169="N"),0,V75*AN$168) -> 4 | AO75: =ROUND(SUM(W75:AN75),1) -> 26.8 | AP75: =ROUND(SUM(X75:AN75),1) -> 22.3
A76: JAKA | B76: Zu 5 | C76: Germany | D76: 19000 | E76: 23 | F76: 0.02 | G76: 5 | H76: 6 | I76: 954 | J76: 1 | K76: propr, mult | L76: {=INDEX(DataValidation!$B$2:$B$11, _xlfn.XMATCH(K76, DataValidation!$A$2:$A$11))} -> 2 | M76: 0 | N76: 1 | O76: 1 | P76: 1 | Q76: 1 | R76: 1 | S76: 0 | T76: 1 | U76: 0 | V76: 2 | W76: =IF(OR(ISBLANK(D76),W$169="N"),0,(W$170-D76)*W$168) -> 4.1333333 | X76: =IF(OR(ISBLANK(E76),X$169="N"),0,(X$170-E76)*X$168) -> 3.08 | Y76: =IF(OR(ISBLANK(F76),Y$169="N"),0,(Y$170-F76)*Y$168) -> 1.6 | Z76: =IF(OR(ISBLANK(G76),Z$169="N"),0,G76*Z$168) -> 1 | AA76: =IF(OR(ISBLANK(H76),AA$169="N"),0,H76*AA$168) -> 3 | AB76: =IF(OR(ISBLANK(I76),AB$169="N"),0,I76*AB$168) -> 3.18 | AC76: =IF(OR(ISBLANK(J76),AC$169="N"),0,J76*AC$168) -> 1 | AD76: =IF(OR(ISBLANK(L76),AD$169="N"),0,L76*AD$168) -> 2 | AE76: =IF(OR(ISBLANK(M76),AE$169="N"),0,M76*AE$168) -> 0 | AF76: =IF(OR(ISBLANK(N76),AF$169="N"),0,N76*AF$168) -> 1 | AG76: =IF(OR(ISBLANK(O76),AG$169="N"),0,O76*AG$168) -> 1 | AH76: =IF(OR(ISBLANK(P76),AH$169="N"),0,P76*AH$168) -> 1 | AI76: =IF(OR(ISBLANK(Q76),AI$169="N"),0,Q76*AI$168) -> 1 | AJ76: =IF(OR(ISBLANK(R76),AJ$169="N"),0,R76*AJ$168) -> 1 | AK76: =IF(OR(ISBLANK(S76),AK$169="N"),0,S76*AK$168) -> 0 | ... AN76: =IF(OR(ISBLANK(V76),AN$169="N"),0,V76*AN$168) -> 4 | AO76: =ROUND(SUM(W76:AN76),1) -> 28.5 | AP76: =ROUND(SUM(X76:AN76),1) -> 24.4
A77: JAKA | B77: Zu 7 | C77: Germany | D77: 19000 | E77: 22 | F77: 0.02 | G77: 7 | H77: 6 | I77: 819 | J77: 1 | K77: propr, mult | L77: {=INDEX(DataValidation!$B$2:$B$11, _xlfn.XMATCH(K77, DataValidation!$A$2:$A$11))} -> 2 | M77: 0 | N77: 1 | O77: 1 | P77: 1 | Q77: 1 | R77: 1 | S77: 0 | T77: 1 | U77: 0 | V77: 2 | W77: =IF(OR(ISBLANK(D77),W$169="N"),0,(W$170-D77)*W$168) -> 4.1333333 | X77: =IF(OR(ISBLANK(E77),X$169="N"),0,(X$170-E77)*X$168) -> 3.12 | Y77: =IF(OR(ISBLANK(F77),Y$169="N"),0,(Y$170-F77)*Y$168) -> 1.6 | Z77: =IF(OR(ISBLANK(G77),Z$169="N"),0,G77*Z$168) -> 1.4 | AA77: =IF(OR(ISBLANK(H77),AA$169="N"),0,H77*AA$168) -> 3 | AB77: =IF(OR(ISBLANK(I77),AB$169="N"),0,I77*AB$168) -> 2.73 | AC77: =IF(OR(ISBLANK(J77),AC$169="N"),0,J77*AC$168) -> 1 | AD77: =IF(OR(ISBLANK(L77),AD$169="N"),0,L77*AD$168) -> 2 | AE77: =IF(OR(ISBLANK(M77),AE$169="N"),0,M77*AE$168) -> 0 | AF77: =IF(OR(ISBLANK(N77),AF$169="N"),0,N77*AF$168) -> 1 | AG77: =IF(OR(ISBLANK(O77),AG$169="N"),0,O77*AG$168) -> 1 | AH77: =IF(OR(ISBLANK(P77),AH$169="N"),0,P77*AH$168) -> 1 | AI77: =IF(OR(ISBLANK(Q77),AI$169="N"),0,Q77*AI$168) -> 1 | AJ77: =IF(OR(ISBLANK(R77),AJ$169="N"),0,R77*AJ$168) -> 1 | AK77: =IF(OR(ISBLANK(S77),AK$169="N"),0,S77*AK$168) -> 0 | ... AN77: =IF(OR(ISBLANK(V77),AN$169="N"),0,V77*AN$168) -> 4 | AO77: =ROUND(SUM(W77:AN77),1) -> 28.5 | AP77: =ROUND(SUM(X77:AN77),1) -> 24.4
A78: JAKA | B78: Zu 12 | C78: Germany | D78: 23500 | E78: 41.3 | F78: 0.03 | G78: 12 | H78: 6 | I78: 1327 | J78: 1 | K78: propr, mult | L78: {=INDEX(DataValidation!$B$2:$B$11, _xlfn.XMATCH(K78, DataValidation!$A$2:$A$11))} -> 2 | M78: 0 | N78: 1 | O78: 1 | P78: 1 | Q78: 1 | R78: 1 | S78: 0 | T78: 1 | U78: 0 | V78: 2 | W78: =IF(OR(ISBLANK(D78),W$169="N"),0,(W$170-D78)*W$168) -> 3.5333333 | X78: =IF(OR(ISBLANK(E78),X$169="N"),0,(X$170-E78)*X$168) -> 2.348 | Y78: =IF(OR(ISBLANK(F78),Y$169="N"),0,(Y$170-F78)*Y$168) -> 1.4 | Z78: =IF(OR(ISBLANK(G78),Z$169="N"),0,G78*Z$168) -> 2.4 | AA78: =IF(OR(ISBLANK(H78),AA$169="N"),0,H78*AA$168) -> 3 | AB78: =IF(OR(ISBLANK(I78),AB$169="N"),0,I78*AB$168) -> 4.4233333 | AC78: =IF(OR(ISBLANK(J78),AC$169="N"),0,J78*AC$168) -> 1 | AD78: =IF(OR(ISBLANK(L78),AD$169="N"),0,L78*AD$168) -> 2 | AE78: =IF(OR(ISBLANK(M78),AE$169="N"),0,M78*AE$168) -> 0 | AF78: =IF(OR(ISBLANK(N78),AF$169="N"),0,N78*AF$168) -> 1 | AG78: =IF(OR(ISBLANK(O78),AG$169="N"),0,O78*AG$168) -> 1 | AH78: =IF(OR(ISBLANK(P78),AH$169="N"),0,P78*AH$168) -> 1 | AI78: =IF(OR(ISBLANK(Q78),AI$169="N"),0,Q78*AI$168) -> 1 | AJ78: =IF(OR(ISBLANK(R78),AJ$169="N"),0,R78*AJ$168) -> 1 | AK78: =IF(OR(ISBLANK(S78),AK$169="N"),0,S78*AK$168) -> 0 | ... AN78: =IF(OR(ISBLANK(V78),AN$169="N"),0,V78*AN$168) -> 4 | AO78: =ROUND(SUM(W78:AN78),1) -> 29.6 | AP78: =ROUND(SUM(X78:AN78),1) -> 26.1
A79: JAKA | B79: Zu 18 | C79: Germany | D79: 24500 | E79: 35 | F79: 0.03 | G79: 18 | H79: 6 | I79: 1073 | J79: 1 | K79: propr, mult | L79: {=INDEX(DataValidation!$B$2:$B$11, _xlfn.XMATCH(K79, DataValidation!$A$2:$A$11))} -> 2 | M79: 0 | N79: 1 | O79: 1 | P79: 1 | Q79: 1 | R79: 1 | S79: 0 | T79: 1 | U79: 0 | V79: 2 | W79: =IF(OR(ISBLANK(D79),W$169="N"),0,(W$170-D79)*W$168) -> 3.4 | X79: =IF(OR(ISBLANK(E79),X$169="N"),0,(X$170-E79)*X$168) -> 2.6 | Y79: =IF(OR(ISBLANK(F79),Y$169="N"),0,(Y$170-F79)*Y$168) -> 1.4 | Z79: =IF(OR(ISBLANK(G79),Z$169="N"),0,G79*Z$168) -> 3.6 | AA79: =IF(OR(ISBLANK(H79),AA$169="N"),0,H79*AA$168) -> 3 | AB79: =IF(OR(ISBLANK(I79),AB$169="N"),0,I79*AB$168) -> 3.5766667 | AC79: =IF(OR(ISBLANK(J79),AC$169="N"),0,J79*AC$168) -> 1 | AD79: =IF(OR(ISBLANK(L79),AD$169="N"),0,L79*AD$168) -> 2 | AE79: =IF(OR(ISBLANK(M79),AE$169="N"),0,M79*AE$168) -> 0 | AF79: =IF(OR(ISBLANK(N79),AF$169="N"),0,N79*AF$168) -> 1 | AG79: =IF(OR(ISBLANK(O79),AG$169="N"),0,O79*AG$168) -> 1 | AH79: =IF(OR(ISBLANK(P79),AH$169="N"),0,P79*AH$168) -> 1 | AI79: =IF(OR(ISBLANK(Q79),AI$169="N"),0,Q79*AI$168) -> 1 | AJ79: =IF(OR(ISBLANK(R79),AJ$169="N"),0,R79*AJ$168) -> 1 | AK79: =IF(OR(ISBLANK(S79),AK$169="N"),0,S79*AK$168) -> 0 | ... AN79: =IF(OR(ISBLANK(V79),AN$169="N"),0,V79*AN$168) -> 4 | AO79: =ROUND(SUM(W79:AN79),1) -> 30.1 | AP79: =ROUND(SUM(X79:AN79),1) -> 26.7
A80: JAKA | B80: Zu 3s | C80: Germany | D80: 22330 | E80: 12 | F80: 0.02 | G80: 3 | H80: 6 | I80: 626 | J80: 1 | K80: propr, mult | L80: {=INDEX(DataValidation!$B$2:$B$11, _xlfn.XMATCH(K80, DataValidation!$A$2:$A$11))} -> 2 | M80: 1 | N80: 1 | O80: 0 | P80: 1 | Q80: 1 | R80: 1 | S80: 0 | T80: 1 | U80: 0 | V80: 2 | W80: =IF(OR(ISBLANK(D80),W$169="N"),0,(W$170-D80)*W$168) -> 3.6893333 | X80: =IF(OR(ISBLANK(E80),X$169="N"),0,(X$170-E80)*X$168) -> 3.52 | Y80: =IF(OR(ISBLANK(F80),Y$169="N"),0,(Y$170-F80)*Y$168) -> 1.6 | Z80: =IF(OR(ISBLANK(G80),Z$169="N"),0,G80*Z$168) -> 0.6 | AA80: =IF(OR(ISBLANK(H80),AA$169="N"),0,H80*AA$168) -> 3 | AB80: =IF(OR(ISBLANK(I80),AB$169="N"),0,I80*AB$168) -> 2.0866667 | AC80: =IF(OR(ISBLANK(J80),AC$169="N"),0,J80*AC$168) -> 1 | AD80: =IF(OR(ISBLANK(L80),AD$169="N"),0,L80*AD$168) -> 2 | AE80: =IF(OR(ISBLANK(M80),AE$169="N"),0,M80*AE$168) -> 1 | AF80: =IF(OR(ISBLANK(N80),AF$169="N"),0,N80*AF$168) -> 1 | AG80: =IF(OR(ISBLANK(O80),AG$169="N"),0,O80*AG$168) -> 0 | AH80: =IF(OR(ISBLANK(P80),AH$169="N"),0,P80*AH$168) -> 1 | AI80: =IF(OR(ISBLANK(Q80),AI$169="N"),0,Q80*AI$168) -> 1 | AJ80: =IF(OR(ISBLANK(R80),AJ$169="N"),0,R80*AJ$168) -> 1 | AK80: =IF(OR(ISBLANK(S80),AK$169="N"),0,S80*AK$168) -> 0 | ... AN80: =IF(OR(ISBLANK(V80),AN$169="N"),0,V80*AN$168) -> 4 | AO80: =ROUND(SUM(W80:AN80),1) -> 27 | AP80: =ROUND(SUM(X80:AN80),1) -> 23.3
A81: JAKA | B81: Zu 5s | C81: Germany | D81: 25310 | E81: 23 | F81: 0.02 | G81: 5 | H81: 6 | I81: 954 | J81: 1 | K81: propr, mult | L81: {=INDEX(DataValidation!$B$2:$B$11, _xlfn.XMATCH(K81, DataValidation!$A$2:$A$11))} -> 2 | M81: 1 | N81: 1 | O81: 1 | P81: 1 | Q81: 1 | R81: 1 | S81: 0 | T81: 1 | U81: 0 | V81: 2 | W81: =IF(OR(ISBLANK(D81),W$169="N"),0,(W$170-D81)*W$168) -> 3.292 | X81: =IF(OR(ISBLANK(E81),X$169="N"),0,(X$170-E81)*X$168) -> 3.08 | Y81: =IF(OR(ISBLANK(F81),Y$169="N"),0,(Y$170-F81)*Y$168) -> 1.6 | Z81: =IF(OR(ISBLANK(G81),Z$169="N"),0,G81*Z$168) -> 1 | AA81: =IF(OR(ISBLANK(H81),AA$169="N"),0,H81*AA$168) -> 3 | AB81: =IF(OR(ISBLANK(I81),AB$169="N"),0,I81*AB$168) -> 3.18 | AC81: =IF(OR(ISBLANK(J81),AC$169="N"),0,J81*AC$168) -> 1 | AD81: =IF(OR(ISBLANK(L81),AD$169="N"),0,L81*AD$168) -> 2 | AE81: =IF(OR(ISBLANK(M81),AE$169="N"),0,M81*AE$168) -> 1 | AF81: =IF(OR(ISBLANK(N81),AF$169="N"),0,N81*AF$168) -> 1 | AG81: =IF(OR(ISBLANK(O81),AG$169="N"),0,O81*AG$168) -> 1 | AH81: =IF(OR(ISBLANK(P81),AH$169="N"),0,P81*AH$168) -> 1 | AI81: =IF(OR(ISBLANK(Q81),AI$169="N"),0,Q81*AI$168) -> 1 | AJ81: =IF(OR(ISBLANK(R81),AJ$169="N"),0,R81*AJ$168) -> 1 | AK81: =IF(OR(ISBLANK(S81),AK$169="N"),0,S81*AK$168) -> 0 | ... AN81: =IF(OR(ISBLANK(V81),AN$169="N"),0,V81*AN$168) -> 4 | AO81: =ROUND(SUM(W81:AN81),1) -> 28.7 | AP81: =ROUND(SUM(X81:AN81),1) -> 25.4
A82: JAKA | B82: Zu 7s | C82: Germany | D82: 25310 | E82: 22.3 | F82: 0.02 | G82: 7 | H82: 6 | I82: 819 | J82: 1 | K82: propr, mult | L82: {=INDEX(DataValidation!$B$2:$B$11, _xlfn.XMATCH(K82, DataValidation!$A$2:$A$11))} -> 2 | M82: 1 | N82: 1 | O82: 1 | P82: 1 | Q82: 1 | R82: 1 | S82: 0 | T82: 1 | U82: 0 | V82: 2 | W82: =IF(OR(ISBLANK(D82),W$169="N"),0,(W$170-D82)*W$168) -> 3.292 | X82: =IF(OR(ISBLANK(E82),X$169="N"),0,(X$170-E82)*X$168) -> 3.108 | Y82: =IF(OR(ISBLANK(F82),Y$169="N"),0,(Y$170-F82)*Y$168) -> 1.6 | Z82: =IF(OR(ISBLANK(G82),Z$169="N"),0,G82*Z$168) -> 1.4 | AA82: =IF(OR(ISBLANK(H82),AA$169="N"),0,H82*AA$168) -> 3 | AB82: =IF(OR(ISBLANK(I82),AB$169="N"),0,I82*AB$168) -> 2.73 | AC82: =IF(OR(ISBLANK(J82),AC$169="N"),0,J82*AC$168) -> 1 | AD82: =IF(OR(ISBLANK(L82),AD$169="N"),0,L82*AD$168) -> 2 | AE82: =IF(OR(ISBLANK(M82),AE$169="N"),0,M82*AE$168) -> 1 | AF82: =IF(OR(ISBLANK(N82),AF$169="N"),0,N82*AF$168) -> 1 | AG82: =IF(OR(ISBLANK(O82),AG$169="N"),0,O82*AG$168) -> 1 | AH82: =IF(OR(ISBLANK(P82),AH$169="N"),0,P82*AH$168) -> 1 | AI82: =IF(OR(ISBLANK(Q82),AI$169="N"),0,Q82*AI$168) -> 1 | AJ82: =IF(OR(ISBLANK(R82),AJ$169="N"),0,R82*AJ$168) -> 1 | AK82: =IF(OR(ISBLANK(S82),AK$169="N"),0,S82*AK$168) -> 0 | ... AN82: =IF(OR(ISBLANK(V82),AN$169="N"),0,V82*AN$168) -> 4 | AO82: =ROUND(SUM(W82:AN82),1) -> 28.6 | AP82: =ROUND(SUM(X82:AN82),1) -> 25.3
... A98: Kassow Robots | B98: KR1018 | C98: Denmark | D98: 37500 | E98: 34 | F98: 0.1 | G98: 18 | H98: 7 | I98: 1000 | J98: 1 | K98: propr | L98: {=INDEX(DataValidation!$B$2:$B$11, _xlfn.XMATCH(K98, DataValidation!$A$2:$A$11))} -> 1 | M98: 0 | N98: 1 | O98: 0 | P98: 0 | Q98: 1 | R98: 1 | S98: 0 | T98: 1 | U98: 0 | V98: 2 | W98: =IF(OR(ISBLANK(D98),W$169="N"),0,(W$170-D98)*W$168) -> 1.6666667 | X98: =IF(OR(ISBLANK(E98),X$169="N"),0,(X$170-E98)*X$168) -> 2.64 | Y98: =IF(OR(ISBLANK(F98),Y$169="N"),0,(Y$170-F98)*Y$168) -> 0 | Z98: =IF(OR(ISBLANK(G98),Z$169="N"),0,G98*Z$168) -> 3.6 | AA98: =IF(OR(ISBLANK(H98),AA$169="N"),0,H98*AA$168) -> 3.5 | AB98: =IF(OR(ISBLANK(I98),AB$169="N"),0,I98*AB$168) -> 3.3333333 | AC98: =IF(OR(ISBLANK(J98),AC$169="N"),0,J98*AC$168) -> 1 | AD98: =IF(OR(ISBLANK(L98),AD$169="N"),0,L98*AD$168) -> 1 | AE98: =IF(OR(ISBLANK(M98),AE$169="N"),0,M98*AE$168) -> 0 | AF98: =IF(OR(ISBLANK(N98),AF$169="N"),0,N98*AF$168) -> 1 | AG98: =IF(OR(ISBLANK(O98),AG$169="N"),0,O98*AG$168) -> 0 | AH98: =IF(OR(ISBLANK(P98),AH$169="N"),0,P98*AH$168) -> 0 | AI98: =IF(OR(ISBLANK(Q98),AI$169="N"),0,Q98*AI$168) -> 1 | AJ98: =IF(OR(ISBLANK(R98),AJ$169="N"),0,R98*AJ$168) -> 1 | AK98: =IF(OR(ISBLANK(S98),AK$169="N"),0,S98*AK$168) -> 0 | ... AN98: =IF(OR(ISBLANK(V98),AN$169="N"),0,V98*AN$168) -> 4 | AO98: =ROUND(SUM(W98:AN98),1) -> 24.2 | AP98: =ROUND(SUM(X98:AN98),1) -> 22.6
A99: Kawasaki Robotics | B99: duAro1 | C99: Japan | E99: 210 | F99: 0.05 | G99: 2 | H99: 4 | I99: 760 | J99: 2 | K99: propr | L99: {=INDEX(DataValidation!$B$2:$B$11, _xlfn.XMATCH(K99, DataValidation!$A$2:$A$11))} -> 1 | M99: 0 | N99: 1 | O99: 0 | P99: 1 | Q99: 1 | R99: 1 | S99: 0 | T99: 0 | U99: 0 | V99: 2 | W99: =IF(OR(ISBLANK(D99),W$169="N"),0,(W$170-D99)*W$168) -> 0 | X99: =IF(OR(ISBLANK(E99),X$169="N"),0,(X$170-E99)*X$168) -> -4.4 | Y99: =IF(OR(ISBLANK(F99),Y$169="N"),0,(Y$170-F99)*Y$168) -> 1 | Z99: =IF(OR(ISBLANK(G99),Z$169="N"),0,G99*Z$168) -> 0.4 | AA99: =IF(OR(ISBLANK(H99),AA$169="N"),0,H99*AA$168) -> 2 | AB99: =IF(OR(ISBLANK(I99),AB$169="N"),0,I99*AB$168) -> 2.5333333 | AC99: =IF(OR(ISBLANK(J99),AC$169="N"),0,J99*AC$168) -> 2 | AD99: =IF(OR(ISBLANK(L99),AD$169="N"),0,L99*AD$168) -> 1 | AE99: =IF(OR(ISBLANK(M99),AE$169="N"),0,M99*AE$168) -> 0 | AF99: =IF(OR(ISBLANK(N99),AF$169="N"),0,N99*AF$168) -> 1 | AG99: =IF(OR(ISBLANK(O99),AG$169="N"),0,O99*AG$168) -> 0 | AH99: =IF(OR(ISBLANK(P99),AH$169="N"),0,P99*AH$168) -> 1 | AI99: =IF(OR(ISBLANK(Q99),AI$169="N"),0,Q99*AI$168) -> 1 | AJ99: =IF(OR(ISBLANK(R99),AJ$169="N"),0,R99*AJ$168) -> 1 | AK99: =IF(OR(ISBLANK(S99),AK$169="N"),0,S99*AK$168) -> 0 | ... AN99: =IF(OR(ISBLANK(V99),AN$169="N"),0,V99*AN$168) -> 4 | AO99: =ROUND(SUM(W99:AN99),1) -> 12.5 | AP99: =ROUND(SUM(X99:AN99),1) -> 12.5
A100: Kawasaki Robotics | B100: duAro2 | C100: Japan | E100: 220 | F100: 0.05 | G100: 3 | H100: 4 | I100: 785 | J100: 2 | K100: propr | L100: {=INDEX(DataValidation!$B$2:$B$11, _xlfn.XMATCH(K100, DataValidation!$A$2:$A$11))} -> 1 | M100: 0 | N100: 1 | O100: 0 | P100: 1 | Q100: 1 | R100: 1 | S100: 0 | T100: 0 | U100: 0 | V100: 2 | W100: =IF(OR(ISBLANK(D100),W$169="N"),0,(W$170-D100)*W$168) -> 0 | X100: =IF(OR(ISBLANK(E100),X$169="N"),0,(X$170-E100)*X$168) -> -4.8 | Y100: =IF(OR(ISBLANK(F100),Y$169="N"),0,(Y$170-F100)*Y$168) -> 1 | Z100: =IF(OR(ISBLANK(G100),Z$169="N"),0,G100*Z$168) -> 0.6 | AA100: =IF(OR(ISBLANK(H100),AA$169="N"),0,H100*AA$168) -> 2 | AB100: =IF(OR(ISBLANK(I100),AB$169="N"),0,I100*AB$168) -> 2.6166667 | AC100: =IF(OR(ISBLANK(J100),AC$169="N"),0,J100*AC$168) -> 2 | AD100: =IF(OR(ISBLANK(L100),AD$169="N"),0,L100*AD$168) -> 1 | AE100: =IF(OR(ISBLANK(M100),AE$169="N"),0,M100*AE$168) -> 0 | AF100: =IF(OR(ISBLANK(N100),AF$169="N"),0,N100*AF$168) -> 1 | AG100: =IF(OR(ISBLANK(O100),AG$169="N"),0,O100*AG$168) -> 0 | AH100: =IF(OR(ISBLANK(P100),AH$169="N"),0,P100*AH$168) -> 1 | AI100: =IF(OR(ISBLANK(Q100),AI$169="N"),0,Q100*AI$168) -> 1 | AJ100: =IF(OR(ISBLANK(R100),AJ$169="N"),0,R100*AJ$168) -> 1 | AK100: =IF(OR(ISBLANK(S100),AK$169="N"),0,S100*AK$168) -> 0 | ... AN100: =IF(OR(ISBLANK(V100),AN$169="N"),0,V100*AN$168) -> 4 | AO100: =ROUND(SUM(W100:AN100),1) -> 12.4 | AP100: =ROUND(SUM(X100:AN100),1) -> 12.4
A101: Kawasaki Robotics | B101: CL103N | C101: Japan | E101: 17 | F101: 0.02 | G101: 3 | H101: 6 | I101: 590 | J101: 1 | K101: propr | L101: {=INDEX(DataValidation!$B$2:$B$11, _xlfn.XMATCH(K101, DataValidation!$A$2:$A$11))} -> 1 | M101: 0 | N101: 1 | O101: 0 | P101: 1 | Q101: 1 | R101: 1 | S101: 0 | T101: 0 | U101: 0 | V101: 2 | W101: =IF(OR(ISBLANK(D101),W$169="N"),0,(W$170-D101)*W$168) -> 0 | X101: =IF(OR(ISBLANK(E101),X$169="N"),0,(X$170-E101)*X$168) -> 3.32 | Y101: =IF(OR(ISBLANK(F101),Y$169="N"),0,(Y$170-F101)*Y$168) -> 1.6 | Z101: =IF(OR(ISBLANK(G101),Z$169="N"),0,G101*Z$168) -> 0.6 | AA101: =IF(OR(ISBLANK(H101),AA$169="N"),0,H101*AA$168) -> 3 | AB101: =IF(OR(ISBLANK(I101),AB$169="N"),0,I101*AB$168) -> 1.9666667 | AC101: =IF(OR(ISBLANK(J101),AC$169="N"),0,J101*AC$168) -> 1 | AD101: =IF(OR(ISBLANK(L101),AD$169="N"),0,L101*AD$168) -> 1 | AE101: =IF(OR(ISBLANK(M101),AE$169="N"),0,M101*AE$168) -> 0 | AF101: =IF(OR(ISBLANK(N101),AF$169="N"),0,N101*AF$168) -> 1 | AG101: =IF(OR(ISBLANK(O101),AG$169="N"),0,O101*AG$168) -> 0 | AH101: =IF(OR(ISBLANK(P101),AH$169="N"),0,P101*AH$168) -> 1 | AI101: =IF(OR(ISBLANK(Q101),AI$169="N"),0,Q101*AI$168) -> 1 | AJ101: =IF(OR(ISBLANK(R101),AJ$169="N"),0,R101*AJ$168) -> 1 | AK101: =IF(OR(ISBLANK(S101),AK$169="N"),0,S101*AK$168) -> 0 | ... AN101: =IF(OR(ISBLANK(V101),AN$169="N"),0,V101*AN$168) -> 4 | AO101: =ROUND(SUM(W101:AN101),1) -> 20.5 | AP101: =ROUND(SUM(X101:AN101),1) -> 20.5
A102: Kawasaki Robotics | B102: CL105N | C102: Japan | E102: 26 | F102: 0.02 | G102: 5 | H102: 6 | I102: 800 | J102: 1 | K102: propr | L102: {=INDEX(DataValidation!$B$2:$B$11, _xlfn.XMATCH(K102, DataValidation!$A$2:$A$11))} -> 1 | M102: 0 | N102: 1 | O102: 0 | P102: 1 | Q102: 1 | R102: 1 | S102: 0 | T102: 0 | U102: 0 | V102: 2 | W102: =IF(OR(ISBLANK(D102),W$169="N"),0,(W$170-D102)*W$168) -> 0 | X102: =IF(OR(ISBLANK(E102),X$169="N"),0,(X$170-E102)*X$168) -> 2.96 | Y102: =IF(OR(ISBLANK(F102),Y$169="N"),0,(Y$170-F102)*Y$168) -> 1.6 | Z102: =IF(OR(ISBLANK(G102),Z$169="N"),0,G102*Z$168) -> 1 | AA102: =IF(OR(ISBLANK(H102),AA$169="N"),0,H102*AA$168) -> 3 | AB102: =IF(OR(ISBLANK(I102),AB$169="N"),0,I102*AB$168) -> 2.6666667 | AC102: =IF(OR(ISBLANK(J102),AC$169="N"),0,J102*AC$168) -> 1 | AD102: =IF(OR(ISBLANK(L102),AD$169="N"),0,L102*AD$168) -> 1 | AE102: =IF(OR(ISBLANK(M102),AE$169="N"),0,M102*AE$168) -> 0 | AF102: =IF(OR(ISBLANK(N102),AF$169="N"),0,N102*AF$168) -> 1 | AG102: =IF(OR(ISBLANK(O102),AG$169="N"),0,O102*AG$168) -> 0 | AH102: =IF(OR(ISBLANK(P102),AH$169="N"),0,P102*AH$168) -> 1 | AI102: =IF(OR(ISBLANK(Q102),AI$169="N"),0,Q102*AI$168) -> 1 | AJ102: =IF(OR(ISBLANK(R102),AJ$169="N"),0,R102*AJ$168) -> 1 | AK102: =IF(OR(ISBLANK(S102),AK$169="N"),0,S102*AK$168) -> 0 | ... AN102: =IF(OR(ISBLANK(V102),AN$169="N"),0,V102*AN$168) -> 4 | AO102: =ROUND(SUM(W102:AN102),1) -> 21.2 | AP102: =ROUND(SUM(X102:AN102),1) -> 21.2
A103: Kawasaki Robotics | B103: CL108N | C103: Japan | E103: 48 | F103: 0.02 | G103: 8 | H103: 6 | I103: 1300 | J103: 1 | K103: propr | L103: {=INDEX(DataValidation!$B$2:$B$11, _xlfn.XMATCH(K103, DataValidation!$A$2:$A$11))} -> 1 | M103: 0 | N103: 1 | O103: 0 | P103: 1 | Q103: 1 | R103: 1 | S103: 0 | T103: 0 | U103: 0 | V103: 2 | W103: =IF(OR(ISBLANK(D103),W$169="N"),0,(W$170-D103)*W$168) -> 0 | X103: =IF(OR(ISBLANK(E103),X$169="N"),0,(X$170-E103)*X$168) -> 2.08 | Y103: =IF(OR(ISBLANK(F103),Y$169="N"),0,(Y$170-F103)*Y$168) -> 1.6 | Z103: =IF(OR(ISBLANK(G103),Z$169="N"),0,G103*Z$168) -> 1.6 | AA103: =IF(OR(ISBLANK(H103),AA$169="N"),0,H103*AA$168) -> 3 | AB103: =IF(OR(ISBLANK(I103),AB$169="N"),0,I103*AB$168) -> 4.3333333 | AC103: =IF(OR(ISBLANK(J103),AC$169="N"),0,J103*AC$168) -> 1 | AD103: =IF(OR(ISBLANK(L103),AD$169="N"),0,L103*AD$168) -> 1 | AE103: =IF(OR(ISBLANK(M103),AE$169="N"),0,M103*AE$168) -> 0 | AF103: =IF(OR(ISBLANK(N103),AF$169="N"),0,N103*AF$168) -> 1 | AG103: =IF(OR(ISBLANK(O103),AG$169="N"),0,O103*AG$168) -> 0 | AH103: =IF(OR(ISBLANK(P103),AH$169="N"),0,P103*AH$168) -> 1 | AI103: =IF(OR(ISBLANK(Q103),AI$169="N"),0,Q103*AI$168) -> 1 | AJ103: =IF(OR(ISBLANK(R103),AJ$169="N"),0,R103*AJ$168) -> 1 | AK103: =IF(OR(ISBLANK(S103),AK$169="N"),0,S103*AK$168) -> 0 | ... AN103: =IF(OR(ISBLANK(V103),AN$169="N"),0,V103*AN$168) -> 4 | AO103: =ROUND(SUM(W103:AN103),1) -> 22.6 | AP103: =ROUND(SUM(X103:AN103),1) -> 22.6
A104: Kawasaki Robotics | B104: CL110N | C104: Japan | E104: 42 | F104: 0.02 | G104: 10 | H104: 6 | I104: 1000 | J104: 1 | K104: propr | L104: {=INDEX(DataValidation!$B$2:$B$11, _xlfn.XMATCH(K104, DataValidation!$A$2:$A$11))} -> 1 | M104: 0 | N104: 1 | O104: 0 | P104: 1 | Q104: 1 | R104: 1 | S104: 0 | T104: 0 | U104: 0 | V104: 2 | W104: =IF(OR(ISBLANK(D104),W$169="N"),0,(W$170-D104)*W$168) -> 0 | X104: =IF(OR(ISBLANK(E104),X$169="N"),0,(X$170-E104)*X$168) -> 2.32 | Y104: =IF(OR(ISBLANK(F104),Y$169="N"),0,(Y$170-F104)*Y$168) -> 1.6 | Z104: =IF(OR(ISBLANK(G104),Z$169="N"),0,G104*Z$168) -> 2 | AA104: =IF(OR(ISBLANK(H104),AA$169="N"),0,H104*AA$168) -> 3 | AB104: =IF(OR(ISBLANK(I104),AB$169="N"),0,I104*AB$168) -> 3.3333333 | AC104: =IF(OR(ISBLANK(J104),AC$169="N"),0,J104*AC$168) -> 1 | AD104: =IF(OR(ISBLANK(L104),AD$169="N"),0,L104*AD$168) -> 1 | AE104: =IF(OR(ISBLANK(M104),AE$169="N"),0,M104*AE$168) -> 0 | AF104: =IF(OR(ISBLANK(N104),AF$169="N"),0,N104*AF$168) -> 1 | AG104: =IF(OR(ISBLANK(O104),AG$169="N"),0,O104*AG$168) -> 0 | AH104: =IF(OR(ISBLANK(P104),AH$169="N"),0,P104*AH$168) -> 1 | AI104: =IF(OR(ISBLANK(Q104),AI$169="N"),0,Q104*AI$168) -> 1 | AJ104: =IF(OR(ISBLANK(R104),AJ$169="N"),0,R104*AJ$168) -> 1 | AK104: =IF(OR(ISBLANK(S104),AK$169="N"),0,S104*AK$168) -> 0 | ... AN104: =IF(OR(ISBLANK(V104),AN$169="N"),0,V104*AN$168) -> 4 | AO104: =ROUND(SUM(W104:AN104),1) -> 22.3 | AP104: =ROUND(SUM(X104:AN104),1) -> 22.3
A105: Kinova Robotics | B105: Gen3 lite | C105: Canada | E105: 5.4 | G105: 0.5 | H105: 6 | I105: 760 | J105: 1 | K105: propr, open, mult | L105: {=INDEX(DataValidation!$B$2:$B$11, _xlfn.XMATCH(K105, DataValidation!$A$2:$A$11))} -> 3 | M105: 0 | N105: 1 | O105: 0 | P105: 0 | Q105: 1 | R105: 0 | S105: 0 | T105: 0 | U105: 0 | V105: 2 | W105: =IF(OR(ISBLANK(D105),W$169="N"),0,(W$170-D105)*W$168) -> 0 | X105: =IF(OR(ISBLANK(E105),X$169="N"),0,(X$170-E105)*X$168) -> 3.784 | Y105: =IF(OR(ISBLANK(F105),Y$169="N"),0,(Y$170-F105)*Y$168) -> 0 | Z105: =IF(OR(ISBLANK(G105),Z$169="N"),0,G105*Z$168) -> 0.1 | AA105: =IF(OR(ISBLANK(H105),AA$169="N"),0,H105*AA$168) -> 3 | AB105: =IF(OR(ISBLANK(I105),AB$169="N"),0,I105*AB$168) -> 2.5333333 | AC105: =IF(OR(ISBLANK(J105),AC$169="N"),0,J105*AC$168) -> 1 | AD105: =IF(OR(ISBLANK(L105),AD$169="N"),0,L105*AD$168) -> 3 | AE105: =IF(OR(ISBLANK(M105),AE$169="N"),0,M105*AE$168) -> 0 | AF105: =IF(OR(ISBLANK(N105),AF$169="N"),0,N105*AF$168) -> 1 | AG105: =IF(OR(ISBLANK(O105),AG$169="N"),0,O105*AG$168) -> 0 | AH105: =IF(OR(ISBLANK(P105),AH$169="N"),0,P105*AH$168) -> 0 | AI105: =IF(OR(ISBLANK(Q105),AI$169="N"),0,Q105*AI$168) -> 1 | AJ105: =IF(OR(ISBLANK(R105),AJ$169="N"),0,R105*AJ$168) -> 0 | AK105: =IF(OR(ISBLANK(S105),AK$169="N"),0,S105*AK$168) -> 0 | ... AN105: =IF(OR(ISBLANK(V105),AN$169="N"),0,V105*AN$168) -> 4 | AO105: =ROUND(SUM(W105:AN105),1) -> 19.4 | AP105: =ROUND(SUM(X105:AN105),1) -> 19.4
A106: Kuka | B106: LBR iisy 3 R760 | C106: Germany | D106: 23445 | E106: 22.8 | F106: 0.1 | G106: 3 | H106: 6 | I106: 760 | J106: 1 | K106: propr | L106: {=INDEX(DataValidation!$B$2:$B$11, _xlfn.XMATCH(K106, DataValidation!$A$2:$A$11))} -> 1 | M106: 0 | N106: 1 | O106: 0 | P106: 0 | Q106: 1 | R106: 0 | S106: 0 | T106: 1 | U106: 0 | V106: 2 | W106: =IF(OR(ISBLANK(D106),W$169="N"),0,(W$170-D106)*W$168) -> 3.5406667 | X106: =IF(OR(ISBLANK(E106),X$169="N"),0,(X$170-E106)*X$168) -> 3.088 | Y106: =IF(OR(ISBLANK(F106),Y$169="N"),0,(Y$170-F106)*Y$168) -> 0 | Z106: =IF(OR(ISBLANK(G106),Z$169="N"),0,G106*Z$168) -> 0.6 | AA106: =IF(OR(ISBLANK(H106),AA$169="N"),0,H106*AA$168) -> 3 | AB106: =IF(OR(ISBLANK(I106),AB$169="N"),0,I106*AB$168) -> 2.5333333 | AC106: =IF(OR(ISBLANK(J106),AC$169="N"),0,J106*AC$168) -> 1 | AD106: =IF(OR(ISBLANK(L106),AD$169="N"),0,L106*AD$168) -> 1 | AE106: =IF(OR(ISBLANK(M106),AE$169="N"),0,M106*AE$168) -> 0 | AF106: =IF(OR(ISBLANK(N106),AF$169="N"),0,N106*AF$168) -> 1 | AG106: =IF(OR(ISBLANK(O106),AG$169="N"),0,O106*AG$168) -> 0 | AH106: =IF(OR(ISBLANK(P106),AH$169="N"),0,P106*AH$168) -> 0 | AI106: =IF(OR(ISBLANK(Q106),AI$169="N"),0,Q106*AI$168) -> 1 | AJ106: =IF(OR(ISBLANK(R106),AJ$169="N"),0,R106*AJ$168) -> 0 | AK106: =IF(OR(ISBLANK(S106),AK$169="N"),0,S106*AK$168) -> 0 | ... AN106: =IF(OR(ISBLANK(V106),AN$169="N"),0,V106*AN$168) -> 4 | AO106: =ROUND(SUM(W106:AN106),1) -> 21.3 | AP106: =ROUND(SUM(X106:AN106),1) -> 17.7
A107: Kuka | B107: LBR iisy 6 R1300 | C107: Germany | D107: 28085 | E107: 46.3 | F107: 0.05 | G107: 6 | H107: 6 | I107: 1300 | J107: 1 | K107: propr | L107: {=INDEX(DataValidation!$B$2:$B$11, _xlfn.XMATCH(K107, DataValidation!$A$2:$A$11))} -> 1 | M107: 0 | N107: 1 | O107: 0 | P107: 0 | Q107: 1 | R107: 0 | S107: 0 | T107: 1 | U107: 0 | V107: 2 | W107: =IF(OR(ISBLANK(D107),W$169="N"),0,(W$170-D107)*W$168) -> 2.922 | X107: =IF(OR(ISBLANK(E107),X$169="N"),0,(X$170-E107)*X$168) -> 2.148 | Y107: =IF(OR(ISBLANK(F107),Y$169="N"),0,(Y$170-F107)*Y$168) -> 1 | Z107: =IF(OR(ISBLANK(G107),Z$169="N"),0,G107*Z$168) -> 1.2 | AA107: =IF(OR(ISBLANK(H107),AA$169="N"),0,H107*AA$168) -> 3 | AB107: =IF(OR(ISBLANK(I107),AB$169="N"),0,I107*AB$168) -> 4.3333333 | AC107: =IF(OR(ISBLANK(J107),AC$169="N"),0,J107*AC$168) -> 1 | AD107: =IF(OR(ISBLANK(L107),AD$169="N"),0,L107*AD$168) -> 1 | AE107: =IF(OR(ISBLANK(M107),AE$169="N"),0,M107*AE$168) -> 0 | AF107: =IF(OR(ISBLANK(N107),AF$169="N"),0,N107*AF$168) -> 1 | AG107: =IF(OR(ISBLANK(O107),AG$169="N"),0,O107*AG$168) -> 0 | AH107: =IF(OR(ISBLANK(P107),AH$169="N"),0,P107*AH$168) -> 0 | AI107: =IF(OR(ISBLANK(Q107),AI$169="N"),0,Q107*AI$168) -> 1 | AJ107: =IF(OR(ISBLANK(R107),AJ$169="N"),0,R107*AJ$168) -> 0 | AK107: =IF(OR(ISBLANK(S107),AK$169="N"),0,S107*AK$168) -> 0 | ... AN107: =IF(OR(ISBLANK(V107),AN$169="N"),0,V107*AN$168) -> 4 | AO107: =ROUND(SUM(W107:AN107),1) -> 23.1 | AP107: =ROUND(SUM(X107:AN107),1) -> 20.2
A108: Kuka | B108: LBR iisy 8 R930 | C108: Germany | D108: 28795 | E108: 43.2 | F108: 0.05 | G108: 8 | H108: 6 | I108: 930 | J108: 1 | K108: propr | L108: {=INDEX(DataValidation!$B$2:$B$11, _xlfn.XMATCH(K108, DataValidation!$A$2:$A$11))} -> 1 | M108: 0 | N108: 1 | O108: 0 | P108: 0 | Q108: 1 | R108: 0 | S108: 0 | T108: 1 | U108: 0 | V108: 2 | W108: =IF(OR(ISBLANK(D108),W$169="N"),0,(W$170-D108)*W$168) -> 2.8273333 | X108: =IF(OR(ISBLANK(E108),X$169="N"),0,(X$170-E108)*X$168) -> 2.272 | Y108: =IF(OR(ISBLANK(F108),Y$169="N"),0,(Y$170-F108)*Y$168) -> 1 | Z108: =IF(OR(ISBLANK(G108),Z$169="N"),0,G108*Z$168) -> 1.6 | AA108: =IF(OR(ISBLANK(H108),AA$169="N"),0,H108*AA$168) -> 3 | AB108: =IF(OR(ISBLANK(I108),AB$169="N"),0,I108*AB$168) -> 3.1 | AC108: =IF(OR(ISBLANK(J108),AC$169="N"),0,J108*AC$168) -> 1 | AD108: =IF(OR(ISBLANK(L108),AD$169="N"),0,L108*AD$168) -> 1 | AE108: =IF(OR(ISBLANK(M108),AE$169="N"),0,M108*AE$168) -> 0 | AF108: =IF(OR(ISBLANK(N108),AF$169="N"),0,N108*AF$168) -> 1 | AG108: =IF(OR(ISBLANK(O108),AG$169="N"),0,O108*AG$168) -> 0 | AH108: =IF(OR(ISBLANK(P108),AH$169="N"),0,P108*AH$168) -> 0 | AI108: =IF(OR(ISBLANK(Q108),AI$169="N"),0,Q108*AI$168) -> 1 | AJ108: =IF(OR(ISBLANK(R108),AJ$169="N"),0,R108*AJ$168) -> 0 | AK108: =IF(OR(ISBLANK(S108),AK$169="N"),0,S108*AK$168) -> 0 | ... AN108: =IF(OR(ISBLANK(V108),AN$169="N"),0,V108*AN$168) -> 4 | AO108: =ROUND(SUM(W108:AN108),1) -> 22.3 | AP108: =ROUND(SUM(X108:AN108),1) -> 19.5
A109: Kuka | B109: LBR iisy 11 R1300 | C109: Germany | D109: 29705 | E109: 46.3 | F109: 0.05 | G109: 11 | H109: 6 | I109: 1300 | J109: 1 | K109: propr | L109: {=INDEX(DataValidation!$B$2:$B$11, _xlfn.XMATCH(K109, DataValidation!$A$2:$A$11))} -> 1 | M109: 0 | N109: 1 | O109: 0 | P109: 0 | Q109: 1 | R109: 0 | S109: 0 | T109: 1 | U109: 0 | V109: 2 | W109: =IF(OR(ISBLANK(D109),W$169="N"),0,(W$170-D109)*W$168) -> 2.706 | X109: =IF(OR(ISBLANK(E109),X$169="N"),0,(X$170-E109)*X$168) -> 2.148 | Y109: =IF(OR(ISBLANK(F109),Y$169="N"),0,(Y$170-F109)*Y$168) -> 1 | Z109: =IF(OR(ISBLANK(G109),Z$169="N"),0,G109*Z$168) -> 2.2 | AA109: =IF(OR(ISBLANK(H109),AA$169="N"),0,H109*AA$168) -> 3 | AB109: =IF(OR(ISBLANK(I109),AB$169="N"),0,I109*AB$168) -> 4.3333333 | AC109: =IF(OR(ISBLANK(J109),AC$169="N"),0,J109*AC$168) -> 1 | AD109: =IF(OR(ISBLANK(L109),AD$169="N"),0,L109*AD$168) -> 1 | AE109: =IF(OR(ISBLANK(M109),AE$169="N"),0,M109*AE$168) -> 0 | AF109: =IF(OR(ISBLANK(N109),AF$169="N"),0,N109*AF$168) -> 1 | AG109: =IF(OR(ISBLANK(O109),AG$169="N"),0,O109*AG$168) -> 0 | AH109: =IF(OR(ISBLANK(P109),AH$169="N"),0,P109*AH$168) -> 0 | AI109: =IF(OR(ISBLANK(Q109),AI$169="N"),0,Q109*AI$168) -> 1 | AJ109: =IF(OR(ISBLANK(R109),AJ$169="N"),0,R109*AJ$168) -> 0 | AK109: =IF(OR(ISBLANK(S109),AK$169="N"),0,S109*AK$168) -> 0 | ... AN109: =IF(OR(ISBLANK(V109),AN$169="N"),0,V109*AN$168) -> 4 | AO109: =ROUND(SUM(W109:AN109),1) -> 23.9 | AP109: =ROUND(SUM(X109:AN109),1) -> 21.2
A110: Kuka | B110: LBR iisy 15 R930 | C110: Germany | D110: 30915 | E110: 43.2 | F110: 0.05 | G110: 15 | H110: 6 | I110: 930 | J110: 1 | K110: propr | L110: {=INDEX(DataValidation!$B$2:$B$11, _xlfn.XMATCH(K110, DataValidation!$A$2:$A$11))} -> 1 | M110: 0 | N110: 1 | O110: 0 | P110: 0 | Q110: 1 | R110: 0 | S110: 0 | T110: 1 | U110: 0 | V110: 2 | W110: =IF(OR(ISBLANK(D110),W$169="N"),0,(W$170-D110)*W$168) -> 2.5446667 | X110: =IF(OR(ISBLANK(E110),X$169="N"),0,(X$170-E110)*X$168) -> 2.272 | Y110: =IF(OR(ISBLANK(F110),Y$169="N"),0,(Y$170-F110)*Y$168) -> 1 | Z110: =IF(OR(ISBLANK(G110),Z$169="N"),0,G110*Z$168) -> 3 | AA110: =IF(OR(ISBLANK(H110),AA$169="N"),0,H110*AA$168) -> 3 | AB110: =IF(OR(ISBLANK(I110),AB$169="N"),0,I110*AB$168) -> 3.1 | AC110: =IF(OR(ISBLANK(J110),AC$169="N"),0,J110*AC$168) -> 1 | AD110: =IF(OR(ISBLANK(L110),AD$169="N"),0,L110*AD$168) -> 1 | AE110: =IF(OR(ISBLANK(M110),AE$169="N"),0,M110*AE$168) -> 0 | AF110: =IF(OR(ISBLANK(N110),AF$169="N"),0,N110*AF$168) -> 1 | AG110: =IF(OR(ISBLANK(O110),AG$169="N"),0,O110*AG$168) -> 0 | AH110: =IF(OR(ISBLANK(P110),AH$169="N"),0,P110*AH$168) -> 0 | AI110: =IF(OR(ISBLANK(Q110),AI$169="N"),0,Q110*AI$168) -> 1 | AJ110: =IF(OR(ISBLANK(R110),AJ$169="N"),0,R110*AJ$168) -> 0 | AK110: =IF(OR(ISBLANK(S110),AK$169="N"),0,S110*AK$168) -> 0 | ... AN110: =IF(OR(ISBLANK(V110),AN$169="N"),0,V110*AN$168) -> 4 | AO110: =ROUND(SUM(W110:AN110),1) -> 23.4 | AP110: =ROUND(SUM(X110:AN110),1) -> 20.9
A111: Kuka | B111: LBR iiwa 7 R800 | C111: Germany | E111: 22.3 | F111: 0.1 | G111: 7 | H111: 7 | I111: 800 | J111: 1 | K111: propr | L111: {=INDEX(DataValidation!$B$2:$B$11, _xlfn.XMATCH(K111, DataValidation!$A$2:$A$11))} -> 1 | M111: 0 | N111: 1 | O111: 0 | P111: 1 | Q111: 1 | R111: 1 | S111: 0 | T111: 1 | U111: 0 | V111: 2 | W111: =IF(OR(ISBLANK(D111),W$169="N"),0,(W$170-D111)*W$168) -> 0 | X111: =IF(OR(ISBLANK(E111),X$169="N"),0,(X$170-E111)*X$168) -> 3.108 | Y111: =IF(OR(ISBLANK(F111),Y$169="N"),0,(Y$170-F111)*Y$168) -> 0 | Z111: =IF(OR(ISBLANK(G111),Z$169="N"),0,G111*Z$168) -> 1.4 | AA111: =IF(OR(ISBLANK(H111),AA$169="N"),0,H111*AA$168) -> 3.5 | AB111: =IF(OR(ISBLANK(I111),AB$169="N"),0,I111*AB$168) -> 2.6666667 | AC111: =IF(OR(ISBLANK(J111),AC$169="N"),0,J111*AC$168) -> 1 | AD111: =IF(OR(ISBLANK(L111),AD$169="N"),0,L111*AD$168) -> 1 | AE111: =IF(OR(ISBLANK(M111),AE$169="N"),0,M111*AE$168) -> 0 | AF111: =IF(OR(ISBLANK(N111),AF$169="N"),0,N111*AF$168) -> 1 | AG111: =IF(OR(ISBLANK(O111),AG$169="N"),0,O111*AG$168) -> 0 | AH111: =IF(OR(ISBLANK(P111),AH$169="N"),0,P111*AH$168) -> 1 | AI111: =IF(OR(ISBLANK(Q111),AI$169="N"),0,Q111*AI$168) -> 1 | AJ111: =IF(OR(ISBLANK(R111),AJ$169="N"),0,R111*AJ$168) -> 1 | AK111: =IF(OR(ISBLANK(S111),AK$169="N"),0,S111*AK$168) -> 0 | ... AN111: =IF(OR(ISBLANK(V111),AN$169="N"),0,V111*AN$168) -> 4 | AO111: =ROUND(SUM(W111:AN111),1) -> 21.2 | AP111: =ROUND(SUM(X111:AN111),1) -> 21.2
A112: Kuka | B112: LBR iiwa 14 R820 | C112: Germany | E112: 29.5 | F112: 0.15 | G112: 14 | H112: 7 | I112: 820 | J112: 1 | K112: propr | L112: {=INDEX(DataValidation!$B$2:$B$11, _xlfn.XMATCH(K112, DataValidation!$A$2:$A$11))} -> 1 | M112: 0 | N112: 1 | O112: 0 | P112: 1 | Q112: 1 | R112: 1 | S112: 0 | T112: 1 | U112: 0 | V112: 2 | W112: =IF(OR(ISBLANK(D112),W$169="N"),0,(W$170-D112)*W$168) -> 0 | X112: =IF(OR(ISBLANK(E112),X$169="N"),0,(X$170-E112)*X$168) -> 2.82 | Y112: =IF(OR(ISBLANK(F112),Y$169="N"),0,(Y$170-F112)*Y$168) -> -1 | Z112: =IF(OR(ISBLANK(G112),Z$169="N"),0,G112*Z$168) -> 2.8 | AA112: =IF(OR(ISBLANK(H112),AA$169="N"),0,H112*AA$168) -> 3.5 | AB112: =IF(OR(ISBLANK(I112),AB$169="N"),0,I112*AB$168) -> 2.7333333 | AC112: =IF(OR(ISBLANK(J112),AC$169="N"),0,J112*AC$168) -> 1 | AD112: =IF(OR(ISBLANK(L112),AD$169="N"),0,L112*AD$168) -> 1 | AE112: =IF(OR(ISBLANK(M112),AE$169="N"),0,M112*AE$168) -> 0 | AF112: =IF(OR(ISBLANK(N112),AF$169="N"),0,N112*AF$168) -> 1 | AG112: =IF(OR(ISBLANK(O112),AG$169="N"),0,O112*AG$168) -> 0 | AH112: =IF(OR(ISBLANK(P112),AH$169="N"),0,P112*AH$168) -> 1 | AI112: =IF(OR(ISBLANK(Q112),AI$169="N"),0,Q112*AI$168) -> 1 | AJ112: =IF(OR(ISBLANK(R112),AJ$169="N"),0,R112*AJ$168) -> 1 | AK112: =IF(OR(ISBLANK(S112),AK$169="N"),0,S112*AK$168) -> 0 | ... AN112: =IF(OR(ISBLANK(V112),AN$169="N"),0,V112*AN$168) -> 4 | AO112: =ROUND(SUM(W112:AN112),1) -> 21.4 | AP112: =ROUND(SUM(X112:AN112),1) -> 21.4
A113: Lebai Robotics | B113: LM3 | C113: China | D113: 9970 | E113: 9.5 | F113: 0.5 | G113: 3 | H113: 6 | I113: 833 | J113: 1 | K113: propr, open, mult | L113: {=INDEX(DataValidation!$B$2:$B$11, _xlfn.XMATCH(K113, DataValidation!$A$2:$A$11))} -> 3 | M113: 0 | N113: 1 | O113: 0 | P113: 0 | Q113: 1 | R113: 0 | S113: 1 | T113: 1 | U113: 0 | V113: 2 | W113: =IF(OR(ISBLANK(D113),W$169="N"),0,(W$170-D113)*W$168) -> 5.3373333 | X113: =IF(OR(ISBLANK(E113),X$169="N"),0,(X$170-E113)*X$168) -> 3.62 | Y113: =IF(OR(ISBLANK(F113),Y$169="N"),0,(Y$170-F113)*Y$168) -> -8 | Z113: =IF(OR(ISBLANK(G113),Z$169="N"),0,G113*Z$168) -> 0.6 | AA113: =IF(OR(ISBLANK(H113),AA$169="N"),0,H113*AA$168) -> 3 | AB113: =IF(OR(ISBLANK(I113),AB$169="N"),0,I113*AB$168) -> 2.7766667 | AC113: =IF(OR(ISBLANK(J113),AC$169="N"),0,J113*AC$168) -> 1 | AD113: =IF(OR(ISBLANK(L113),AD$169="N"),0,L113*AD$168) -> 3 | AE113: =IF(OR(ISBLANK(M113),AE$169="N"),0,M113*AE$168) -> 0 | AF113: =IF(OR(ISBLANK(N113),AF$169="N"),0,N113*AF$168) -> 1 | AG113: =IF(OR(ISBLANK(O113),AG$169="N"),0,O113*AG$168) -> 0 | AH113: =IF(OR(ISBLANK(P113),AH$169="N"),0,P113*AH$168) -> 0 | AI113: =IF(OR(ISBLANK(Q113),AI$169="N"),0,Q113*AI$168) -> 1 | AJ113: =IF(OR(ISBLANK(R113),AJ$169="N"),0,R113*AJ$168) -> 0 | AK113: =IF(OR(ISBLANK(S113),AK$169="N"),0,S113*AK$168) -> 0.5 | ... AN113: =IF(OR(ISBLANK(V113),AN$169="N"),0,V113*AN$168) -> 4 | AO113: =ROUND(SUM(W113:AN113),1) -> 18.3 | AP113: =ROUND(SUM(X113:AN113),1) -> 13
A114: Mitsubishi | B114: MELFA ASSISTA | C114: Japan | D114: 31000 | E114: 32 | F114: 0.03 | G114: 5 | H114: 6 | I114: 910 | J114: 1 | K114: propr, mult | L114: {=INDEX(DataValidation!$B$2:$B$11, _xlfn.XMATCH(K114, DataValidation!$A$2:$A$11))} -> 2 | M114: 0 | N114: 1 | O114: 0 | P114: 1 | Q114: 1 | R114: 1 | S114: 1 | T114: 1 | U114: 0 | V114: 2 | W114: =IF(OR(ISBLANK(D114),W$169="N"),0,(W$170-D114)*W$168) -> 2.5333333 | X114: =IF(OR(ISBLANK(E114),X$169="N"),0,(X$170-E114)*X$168) -> 2.72 | Y114: =IF(OR(ISBLANK(F114),Y$169="N"),0,(Y$170-F114)*Y$168) -> 1.4 | Z114: =IF(OR(ISBLANK(G114),Z$169="N"),0,G114*Z$168) -> 1 | AA114: =IF(OR(ISBLANK(H114),AA$169="N"),0,H114*AA$168) -> 3 | AB114: =IF(OR(ISBLANK(I114),AB$169="N"),0,I114*AB$168) -> 3.0333333 | AC114: =IF(OR(ISBLANK(J114),AC$169="N"),0,J114*AC$168) -> 1 | AD114: =IF(OR(ISBLANK(L114),AD$169="N"),0,L114*AD$168) -> 2 | AE114: =IF(OR(ISBLANK(M114),AE$169="N"),0,M114*AE$168) -> 0 | AF114: =IF(OR(ISBLANK(N114),AF$169="N"),0,N114*AF$168) -> 1 | AG114: =IF(OR(ISBLANK(O114),AG$169="N"),0,O114*AG$168) -> 0 | AH114: =IF(OR(ISBLANK(P114),AH$169="N"),0,P114*AH$168) -> 1 | AI114: =IF(OR(ISBLANK(Q114),AI$169="N"),0,Q114*AI$168) -> 1 | AJ114: =IF(OR(ISBLANK(R114),AJ$169="N"),0,R114*AJ$168) -> 1 | AK114: =IF(OR(ISBLANK(S114),AK$169="N"),0,S114*AK$168) -> 0.5 | ... AN114: =IF(OR(ISBLANK(V114),AN$169="N"),0,V114*AN$168) -> 4 | AO114: =ROUND(SUM(W114:AN114),1) -> 25.7 | AP114: =ROUND(SUM(X114:AN114),1) -> 23.2
A115: NACHI Robotics | B115: CZ10 | C115: Japan | E115: 61 | F115: 0.1 | G115: 10 | H115: 6 | I115: 1300 | J115: 1 | K115: propr | L115: {=INDEX(DataValidation!$B$2:$B$11, _xlfn.XMATCH(K115, DataValidation!$A$2:$A$11))} -> 1 | M115: 0 | N115: 1 | O115: 0 | P115: 1 | Q115: 1 | R115: 0 | S115: 0 | T115: 0 | U115: 0 | V115: 2 | W115: =IF(OR(ISBLANK(D115),W$169="N"),0,(W$170-D115)*W$168) -> 0 | X115: =IF(OR(ISBLANK(E115),X$169="N"),0,(X$170-E115)*X$168) -> 1.56 | Y115: =IF(OR(ISBLANK(F115),Y$169="N"),0,(Y$170-F115)*Y$168) -> 0 | Z115: =IF(OR(ISBLANK(G115),Z$169="N"),0,G115*Z$168) -> 2 | AA115: =IF(OR(ISBLANK(H115),AA$169="N"),0,H115*AA$168) -> 3 | AB115: =IF(OR(ISBLANK(I115),AB$169="N"),0,I115*AB$168) -> 4.3333333 | AC115: =IF(OR(ISBLANK(J115),AC$169="N"),0,J115*AC$168) -> 1 | AD115: =IF(OR(ISBLANK(L115),AD$169="N"),0,L115*AD$168) -> 1 | AE115: =IF(OR(ISBLANK(M115),AE$169="N"),0,M115*AE$168) -> 0 | AF115: =IF(OR(ISBLANK(N115),AF$169="N"),0,N115*AF$168) -> 1 | AG115: =IF(OR(ISBLANK(O115),AG$169="N"),0,O115*AG$168) -> 0 | AH115: =IF(OR(ISBLANK(P115),AH$169="N"),0,P115*AH$168) -> 1 | AI115: =IF(OR(ISBLANK(Q115),AI$169="N"),0,Q115*AI$168) -> 1 | AJ115: =IF(OR(ISBLANK(R115),AJ$169="N"),0,R115*AJ$168) -> 0 | AK115: =IF(OR(ISBLANK(S115),AK$169="N"),0,S115*AK$168) -> 0 | ... AN115: =IF(OR(ISBLANK(V115),AN$169="N"),0,V115*AN$168) -> 4 | AO115: =ROUND(SUM(W115:AN115),1) -> 19.9 | AP115: =ROUND(SUM(X115:AN115),1) -> 19.9
A116: NACHI Robotics | B116: CMZ05F | C116: Japan | D116: 36000 | E116: 53 | F116: 0.02 | G116: 5 | H116: 6 | I116: 927 | J116: 1 | K116: propr | L116: {=INDEX(DataValidation!$B$2:$B$11, _xlfn.XMATCH(K116, DataValidation!$A$2:$A$11))} -> 1 | M116: 0 | N116: 1 | O116: 0 | P116: 1 | Q116: 1 | R116: 0 | S116: 0 | T116: 0 | U116: 0 | V116: 2 | W116: =IF(OR(ISBLANK(D116),W$169="N"),0,(W$170-D116)*W$168) -> 1.8666667 | X116: =IF(OR(ISBLANK(E116),X$169="N"),0,(X$170-E116)*X$168) -> 1.88 | Y116: =IF(OR(ISBLANK(F116),Y$169="N"),0,(Y$170-F116)*Y$168) -> 1.6 | Z116: =IF(OR(ISBLANK(G116),Z$169="N"),0,G116*Z$168) -> 1 | AA116: =IF(OR(ISBLANK(H116),AA$169="N"),0,H116*AA$168) -> 3 | AB116: =IF(OR(ISBLANK(I116),AB$169="N"),0,I116*AB$168) -> 3.09 | AC116: =IF(OR(ISBLANK(J116),AC$169="N"),0,J116*AC$168) -> 1 | AD116: =IF(OR(ISBLANK(L116),AD$169="N"),0,L116*AD$168) -> 1 | AE116: =IF(OR(ISBLANK(M116),AE$169="N"),0,M116*AE$168) -> 0 | AF116: =IF(OR(ISBLANK(N116),AF$169="N"),0,N116*AF$168) -> 1 | AG116: =IF(OR(ISBLANK(O116),AG$169="N"),0,O116*AG$168) -> 0 | AH116: =IF(OR(ISBLANK(P116),AH$169="N"),0,P116*AH$168) -> 1 | AI116: =IF(OR(ISBLANK(Q116),AI$169="N"),0,Q116*AI$168) -> 1 | AJ116: =IF(OR(ISBLANK(R116),AJ$169="N"),0,R116*AJ$168) -> 0 | AK116: =IF(OR(ISBLANK(S116),AK$169="N"),0,S116*AK$168) -> 0 | ... AN116: =IF(OR(ISBLANK(V116),AN$169="N"),0,V116*AN$168) -> 4 | AO116: =ROUND(SUM(W116:AN116),1) -> 21.4 | AP116: =ROUND(SUM(X116:AN116),1) -> 19.6
A117: NACHI Robotics | B117: CMZ12F | C117: Japan | E117: 66 | F117: 0.025 | G117: 12 | H117: 6 | I117: 1000 | J117: 1 | K117: propr | L117: {=INDEX(DataValidation!$B$2:$B$11, _xlfn.XMATCH(K117, DataValidation!$A$2:$A$11))} -> 1 | M117: 0 | N117: 1 | O117: 0 | P117: 1 | Q117: 1 | R117: 0 | S117: 0 | T117: 0 | U117: 0 | V117: 2 | W117: =IF(OR(ISBLANK(D117),W$169="N"),0,(W$170-D117)*W$168) -> 0 | X117: =IF(OR(ISBLANK(E117),X$169="N"),0,(X$170-E117)*X$168) -> 1.36 | Y117: =IF(OR(ISBLANK(F117),Y$169="N"),0,(Y$170-F117)*Y$168) -> 1.5 | Z117: =IF(OR(ISBLANK(G117),Z$169="N"),0,G117*Z$168) -> 2.4 | AA117: =IF(OR(ISBLANK(H117),AA$169="N"),0,H117*AA$168) -> 3 | AB117: =IF(OR(ISBLANK(I117),AB$169="N"),0,I117*AB$168) -> 3.3333333 | AC117: =IF(OR(ISBLANK(J117),AC$169="N"),0,J117*AC$168) -> 1 | AD117: =IF(OR(ISBLANK(L117),AD$169="N"),0,L117*AD$168) -> 1 | AE117: =IF(OR(ISBLANK(M117),AE$169="N"),0,M117*AE$168) -> 0 | AF117: =IF(OR(ISBLANK(N117),AF$169="N"),0,N117*AF$168) -> 1 | AG117: =IF(OR(ISBLANK(O117),AG$169="N"),0,O117*AG$168) -> 0 | AH117: =IF(OR(ISBLANK(P117),AH$169="N"),0,P117*AH$168) -> 1 | AI117: =IF(OR(ISBLANK(Q117),AI$169="N"),0,Q117*AI$168) -> 1 | AJ117: =IF(OR(ISBLANK(R117),AJ$169="N"),0,R117*AJ$168) -> 0 | AK117: =IF(OR(ISBLANK(S117),AK$169="N"),0,S117*AK$168) -> 0 | ... AN117: =IF(OR(ISBLANK(V117),AN$169="N"),0,V117*AN$168) -> 4 | AO117: =ROUND(SUM(W117:AN117),1) -> 20.6 | AP117: =ROUND(SUM(X117:AN117),1) -> 20.6
A118: Neura Robotics | B118: MAiRA S | C118: Germany | D118: 37500 | E118: 51 | F118: 0.01 | G118: 15 | H118: 7 | I118: 1100 | J118: 1 | K118: propr | L118: {=INDEX(DataValidation!$B$2:$B$11, _xlfn.XMATCH(K118, DataValidation!$A$2:$A$11))} -> 1 | M118: 1 | N118: 1 | O118: 0 | P118: 1 | Q118: 1 | R118: 0 | S118: 0 | T118: 0 | U118: 0.5 | V118: 2 | W118: =IF(OR(ISBLANK(D118),W$169="N"),0,(W$170-D118)*W$168) -> 1.6666667 | X118: =IF(OR(ISBLANK(E118),X$169="N"),0,(X$170-E118)*X$168) -> 1.96 | Y118: =IF(OR(ISBLANK(F118),Y$169="N"),0,(Y$170-F118)*Y$168) -> 1.8 | Z118: =IF(OR(ISBLANK(G118),Z$169="N"),0,G118*Z$168) -> 3 | AA118: =IF(OR(ISBLANK(H118),AA$169="N"),0,H118*AA$168) -> 3.5 | AB118: =IF(OR(ISBLANK(I118),AB$169="N"),0,I118*AB$168) -> 3.6666667 | AC118: =IF(OR(ISBLANK(J118),AC$169="N"),0,J118*AC$168) -> 1 | AD118: =IF(OR(ISBLANK(L118),AD$169="N"),0,L118*AD$168) -> 1 | AE118: =IF(OR(ISBLANK(M118),AE$169="N"),0,M118*AE$168) -> 1 | AF118: =IF(OR(ISBLANK(N118),AF$169="N"),0,N118*AF$168) -> 1 | AG118: =IF(OR(ISBLANK(O118),AG$169="N"),0,O118*AG$168) -> 0 | AH118: =IF(OR(ISBLANK(P118),AH$169="N"),0,P118*AH$168) -> 1 | AI118: =IF(OR(ISBLANK(Q118),AI$169="N"),0,Q118*AI$168) -> 1 | AJ118: =IF(OR(ISBLANK(R118),AJ$169="N"),0,R118*AJ$168) -> 0 | AK118: =IF(OR(ISBLANK(S118),AK$169="N"),0,S118*AK$168) -> 0 | ... AN118: =IF(OR(ISBLANK(V118),AN$169="N"),0,V118*AN$168) -> 4 | AO118: =ROUND(SUM(W118:AN118),1) -> 26.6 | AP118: =ROUND(SUM(X118:AN118),1) -> 24.9
A119: Neura Robotics | B119: MAiRA M | C119: Germany | D119: 39500 | E119: 53 | F119: 0.01 | G119: 12 | H119: 7 | I119: 1400 | J119: 1 | K119: propr | L119: {=INDEX(DataValidation!$B$2:$B$11, _xlfn.XMATCH(K119, DataValidation!$A$2:$A$11))} -> 1 | M119: 1 | N119: 1 | O119: 0 | P119: 1 | Q119: 1 | R119: 0 | S119: 0 | T119: 0 | U119: 0.5 | V119: 2 | W119: =IF(OR(ISBLANK(D119),W$169="N"),0,(W$170-D119)*W$168) -> 1.4 | X119: =IF(OR(ISBLANK(E119),X$169="N"),0,(X$170-E119)*X$168) -> 1.88 | Y119: =IF(OR(ISBLANK(F119),Y$169="N"),0,(Y$170-F119)*Y$168) -> 1.8 | Z119: =IF(OR(ISBLANK(G119),Z$169="N"),0,G119*Z$168) -> 2.4 | AA119: =IF(OR(ISBLANK(H119),AA$169="N"),0,H119*AA$168) -> 3.5 | AB119: =IF(OR(ISBLANK(I119),AB$169="N"),0,I119*AB$168) -> 4.6666667 | AC119: =IF(OR(ISBLANK(J119),AC$169="N"),0,J119*AC$168) -> 1 | AD119: =IF(OR(ISBLANK(L119),AD$169="N"),0,L119*AD$168) -> 1 | AE119: =IF(OR(ISBLANK(M119),AE$169="N"),0,M119*AE$168) -> 1 | AF119: =IF(OR(ISBLANK(N119),AF$169="N"),0,N119*AF$168) -> 1 | AG119: =IF(OR(ISBLANK(O119),AG$169="N"),0,O119*AG$168) -> 0 | AH119: =IF(OR(ISBLANK(P119),AH$169="N"),0,P119*AH$168) -> 1 | AI119: =IF(OR(ISBLANK(Q119),AI$169="N"),0,Q119*AI$168) -> 1 | AJ119: =IF(OR(ISBLANK(R119),AJ$169="N"),0,R119*AJ$168) -> 0 | AK119: =IF(OR(ISBLANK(S119),AK$169="N"),0,S119*AK$168) -> 0 | ... AN119: =IF(OR(ISBLANK(V119),AN$169="N"),0,V119*AN$168) -> 4 | AO119: =ROUND(SUM(W119:AN119),1) -> 26.6 | AP119: =ROUND(SUM(X119:AN119),1) -> 25.2
A120: Neura Robotics | B120: MAiRA L | C120: Germany | D120: 41500 | E120: 56 | F120: 0.01 | G120: 9 | H120: 7 | I120: 1600 | J120: 1 | K120: propr | L120: {=INDEX(DataValidation!$B$2:$B$11, _xlfn.XMATCH(K120, DataValidation!$A$2:$A$11))} -> 1 | M120: 1 | N120: 1 | O120: 0 | P120: 1 | Q120: 1 | R120: 0 | S120: 0 | T120: 0 | U120: 0.5 | V120: 2 | W120: =IF(OR(ISBLANK(D120),W$169="N"),0,(W$170-D120)*W$168) -> 1.1333333 | X120: =IF(OR(ISBLANK(E120),X$169="N"),0,(X$170-E120)*X$168) -> 1.76 | Y120: =IF(OR(ISBLANK(F120),Y$169="N"),0,(Y$170-F120)*Y$168) -> 1.8 | Z120: =IF(OR(ISBLANK(G120),Z$169="N"),0,G120*Z$168) -> 1.8 | AA120: =IF(OR(ISBLANK(H120),AA$169="N"),0,H120*AA$168) -> 3.5 | AB120: =IF(OR(ISBLANK(I120),AB$169="N"),0,I120*AB$168) -> 5.3333333 | AC120: =IF(OR(ISBLANK(J120),AC$169="N"),0,J120*AC$168) -> 1 | AD120: =IF(OR(ISBLANK(L120),AD$169="N"),0,L120*AD$168) -> 1 | AE120: =IF(OR(ISBLANK(M120),AE$169="N"),0,M120*AE$168) -> 1 | AF120: =IF(OR(ISBLANK(N120),AF$169="N"),0,N120*AF$168) -> 1 | AG120: =IF(OR(ISBLANK(O120),AG$169="N"),0,O120*AG$168) -> 0 | AH120: =IF(OR(ISBLANK(P120),AH$169="N"),0,P120*AH$168) -> 1 | AI120: =IF(OR(ISBLANK(Q120),AI$169="N"),0,Q120*AI$168) -> 1 | AJ120: =IF(OR(ISBLANK(R120),AJ$169="N"),0,R120*AJ$168) -> 0 | AK120: =IF(OR(ISBLANK(S120),AK$169="N"),0,S120*AK$168) -> 0 | ... AN120: =IF(OR(ISBLANK(V120),AN$169="N"),0,V120*AN$168) -> 4 | AO120: =ROUND(SUM(W120:AN120),1) -> 26.3 | AP120: =ROUND(SUM(X120:AN120),1) -> 25.2
A121: Neura Robotics | B121: LARA 3 | C121: Germany | D121: 16500 | E121: 18 | F121: 0.02 | G121: 3 | H121: 6 | I121: 590 | J121: 1 | K121: propr, open, mult | L121: {=INDEX(DataValidation!$B$2:$B$11, _xlfn.XMATCH(K121, DataValidation!$A$2:$A$11))} -> 3 | M121: 1 | N121: 1 | O121: 0 | P121: 1 | Q121: 1 | R121: 0 | S121: 0 | T121: 0 | U121: 0 | V121: 2 | W121: =IF(OR(ISBLANK(D121),W$169="N"),0,(W$170-D121)*W$168) -> 4.4666667 | X121: =IF(OR(ISBLANK(E121),X$169="N"),0,(X$170-E121)*X$168) -> 3.28 | Y121: =IF(OR(ISBLANK(F121),Y$169="N"),0,(Y$170-F121)*Y$168) -> 1.6 | Z121: =IF(OR(ISBLANK(G121),Z$169="N"),0,G121*Z$168) -> 0.6 | AA121: =IF(OR(ISBLANK(H121),AA$169="N"),0,H121*AA$168) -> 3 | AB121: =IF(OR(ISBLANK(I121),AB$169="N"),0,I121*AB$168) -> 1.9666667 | AC121: =IF(OR(ISBLANK(J121),AC$169="N"),0,J121*AC$168) -> 1 | AD121: =IF(OR(ISBLANK(L121),AD$169="N"),0,L121*AD$168) -> 3 | AE121: =IF(OR(ISBLANK(M121),AE$169="N"),0,M121*AE$168) -> 1 | AF121: =IF(OR(ISBLANK(N121),AF$169="N"),0,N121*AF$168) -> 1 | AG121: =IF(OR(ISBLANK(O121),AG$169="N"),0,O121*AG$168) -> 0 | AH121: =IF(OR(ISBLANK(P121),AH$169="N"),0,P121*AH$168) -> 1 | AI121: =IF(OR(ISBLANK(Q121),AI$169="N"),0,Q121*AI$168) -> 1 | AJ121: =IF(OR(ISBLANK(R121),AJ$169="N"),0,R121*AJ$168) -> 0 | AK121: =IF(OR(ISBLANK(S121),AK$169="N"),0,S121*AK$168) -> 0 | ... AN121: =IF(OR(ISBLANK(V121),AN$169="N"),0,V121*AN$168) -> 4 | AO121: =ROUND(SUM(W121:AN121),1) -> 26.9 | AP121: =ROUND(SUM(X121:AN121),1) -> 22.4
A122: Neura Robotics | B122: LARA 5 | C122: Germany | D122: 18900 | E122: 26 | F122: 0.02 | G122: 5 | H122: 6 | I122: 800 | J122: 1 | K122: propr, open, mult | L122: {=INDEX(DataValidation!$B$2:$B$11, _xlfn.XMATCH(K122, DataValidation!$A$2:$A$11))} -> 3 | M122: 1 | N122: 1 | O122: 0 | P122: 1 | Q122: 1 | R122: 0 | S122: 0 | T122: 0 | U122: 0 | V122: 2 | W122: =IF(OR(ISBLANK(D122),W$169="N"),0,(W$170-D122)*W$168) -> 4.1466667 | X122: =IF(OR(ISBLANK(E122),X$169="N"),0,(X$170-E122)*X$168) -> 2.96 | Y122: =IF(OR(ISBLANK(F122),Y$169="N"),0,(Y$170-F122)*Y$168) -> 1.6 | Z122: =IF(OR(ISBLANK(G122),Z$169="N"),0,G122*Z$168) -> 1 | AA122: =IF(OR(ISBLANK(H122),AA$169="N"),0,H122*AA$168) -> 3 | AB122: =IF(OR(ISBLANK(I122),AB$169="N"),0,I122*AB$168) -> 2.6666667 | AC122: =IF(OR(ISBLANK(J122),AC$169="N"),0,J122*AC$168) -> 1 | AD122: =IF(OR(ISBLANK(L122),AD$169="N"),0,L122*AD$168) -> 3 | AE122: =IF(OR(ISBLANK(M122),AE$169="N"),0,M122*AE$168) -> 1 | AF122: =IF(OR(ISBLANK(N122),AF$169="N"),0,N122*AF$168) -> 1 | AG122: =IF(OR(ISBLANK(O122),AG$169="N"),0,O122*AG$168) -> 0 | AH122: =IF(OR(ISBLANK(P122),AH$169="N"),0,P122*AH$168) -> 1 | AI122: =IF(OR(ISBLANK(Q122),AI$169="N"),0,Q122*AI$168) -> 1 | AJ122: =IF(OR(ISBLANK(R122),AJ$169="N"),0,R122*AJ$168) -> 0 | AK122: =IF(OR(ISBLANK(S122),AK$169="N"),0,S122*AK$168) -> 0 | ... AN122: =IF(OR(ISBLANK(V122),AN$169="N"),0,V122*AN$168) -> 4 | AO122: =ROUND(SUM(W122:AN122),1) -> 27.4 | AP122: =ROUND(SUM(X122:AN122),1) -> 23.2
A123: Neura Robotics | B123: LARA 8 | C123: Germany | D123: 21900 | E123: 48 | F123: 0.02 | G123: 8 | H123: 6 | I123: 1300 | J123: 1 | K123: propr, open, mult | L123: {=INDEX(DataValidation!$B$2:$B$11, _xlfn.XMATCH(K123, DataValidation!$A$2:$A$11))} -> 3 | M123: 1 | N123: 1 | O123: 0 | P123: 1 | Q123: 1 | R123: 0 | S123: 0 | T123: 0 | U123: 0 | V123: 2 | W123: =IF(OR(ISBLANK(D123),W$169="N"),0,(W$170-D123)*W$168) -> 3.7466667 | X123: =IF(OR(ISBLANK(E123),X$169="N"),0,(X$170-E123)*X$168) -> 2.08 | Y123: =IF(OR(ISBLANK(F123),Y$169="N"),0,(Y$170-F123)*Y$168) -> 1.6 | Z123: =IF(OR(ISBLANK(G123),Z$169="N"),0,G123*Z$168) -> 1.6 | AA123: =IF(OR(ISBLANK(H123),AA$169="N"),0,H123*AA$168) -> 3 | AB123: =IF(OR(ISBLANK(I123),AB$169="N"),0,I123*AB$168) -> 4.3333333 | AC123: =IF(OR(ISBLANK(J123),AC$169="N"),0,J123*AC$168) -> 1 | AD123: =IF(OR(ISBLANK(L123),AD$169="N"),0,L123*AD$168) -> 3 | AE123: =IF(OR(ISBLANK(M123),AE$169="N"),0,M123*AE$168) -> 1 | AF123: =IF(OR(ISBLANK(N123),AF$169="N"),0,N123*AF$168) -> 1 | AG123: =IF(OR(ISBLANK(O123),AG$169="N"),0,O123*AG$168) -> 0 | AH123: =IF(OR(ISBLANK(P123),AH$169="N"),0,P123*AH$168) -> 1 | AI123: =IF(OR(ISBLANK(Q123),AI$169="N"),0,Q123*AI$168) -> 1 | AJ123: =IF(OR(ISBLANK(R123),AJ$169="N"),0,R123*AJ$168) -> 0 | AK123: =IF(OR(ISBLANK(S123),AK$169="N"),0,S123*AK$168) -> 0 | ... AN123: =IF(OR(ISBLANK(V123),AN$169="N"),0,V123*AN$168) -> 4 | AO123: =ROUND(SUM(W123:AN123),1) -> 28.4 | AP123: =ROUND(SUM(X123:AN123),1) -> 24.6
A124: Neura Robotics | B124: LARA 10 | C124: Germany | D124: 22500 | E124: 45 | F124: 0.02 | G124: 10 | H124: 6 | I124: 1000 | J124: 1 | K124: propr, open, mult | L124: {=INDEX(DataValidation!$B$2:$B$11, _xlfn.XMATCH(K124, DataValidation!$A$2:$A$11))} -> 3 | M124: 1 | N124: 1 | O124: 0 | P124: 1 | Q124: 1 | R124: 0 | S124: 0 | T124: 0 | U124: 0 | V124: 2 | W124: =IF(OR(ISBLANK(D124),W$169="N"),0,(W$170-D124)*W$168) -> 3.6666667 | X124: =IF(OR(ISBLANK(E124),X$169="N"),0,(X$170-E124)*X$168) -> 2.2 | Y124: =IF(OR(ISBLANK(F124),Y$169="N"),0,(Y$170-F124)*Y$168) -> 1.6 | Z124: =IF(OR(ISBLANK(G124),Z$169="N"),0,G124*Z$168) -> 2 | AA124: =IF(OR(ISBLANK(H124),AA$169="N"),0,H124*AA$168) -> 3 | AB124: =IF(OR(ISBLANK(I124),AB$169="N"),0,I124*AB$168) -> 3.3333333 | AC124: =IF(OR(ISBLANK(J124),AC$169="N"),0,J124*AC$168) -> 1 | AD124: =IF(OR(ISBLANK(L124),AD$169="N"),0,L124*AD$168) -> 3 | AE124: =IF(OR(ISBLANK(M124),AE$169="N"),0,M124*AE$168) -> 1 | AF124: =IF(OR(ISBLANK(N124),AF$169="N"),0,N124*AF$168) -> 1 | AG124: =IF(OR(ISBLANK(O124),AG$169="N"),0,O124*AG$168) -> 0 | AH124: =IF(OR(ISBLANK(P124),AH$169="N"),0,P124*AH$168) -> 1 | AI124: =IF(OR(ISBLANK(Q124),AI$169="N"),0,Q124*AI$168) -> 1 | AJ124: =IF(OR(ISBLANK(R124),AJ$169="N"),0,R124*AJ$168) -> 0 | AK124: =IF(OR(ISBLANK(S124),AK$169="N"),0,S124*AK$168) -> 0 | ... AN124: =IF(OR(ISBLANK(V124),AN$169="N"),0,V124*AN$168) -> 4 | AO124: =ROUND(SUM(W124:AN124),1) -> 27.8 | AP124: =ROUND(SUM(X124:AN124),1) -> 24.1
...

Sheet Ranking
A1: Rank | B1: Score | C1: Manufacturer | D1: Model | E1: Country | F1: Cost | G1: Difference | J1: Ranking changes depending on excluded criteria in Scores-sheet
A2: =_xlfn.RANK.EQ(B2,$B$2:$B$162) -> 1 | B2: {=_xlfn.SORTBY(Scores!AO2:AO162,Scores!AO2:AO162,-1)} -> 30.8 | C2: {=_xlfn.SORTBY(Scores!A2:D162,Scores!AO2:AO162,-1)} -> JAKA | D2: Ai 18 | E2: Germany | F2: 26450 | G2: =B2-$B$2 -> 0
A3: =_xlfn.RANK.EQ(B3,$B$2:$B$162) -> 2 | B3: 30.3 | C3: JAKA | D3: Ai 12 | E3: Germany | F3: 25440 | G3: =B3-$B$2 -> -0.5
A4: =_xlfn.RANK.EQ(B4,$B$2:$B$162) -> 3 | B4: 30.2 | C4: JAKA | D4: Zu 18s | E4: Germany | F4: 31310 | G4: =B4-$B$2 -> -0.6
A5: =_xlfn.RANK.EQ(B5,$B$2:$B$162) -> 4 | B5: 30.1 | C5: JAKA | D5: Zu 18 | E5: Germany | F5: 24500 | G5: =B5-$B$2 -> -0.7
A6: =_xlfn.RANK.EQ(B6,$B$2:$B$162) -> 5 | B6: 30 | C6: Elite Robots | D6: EC612 | E6: China | F6: 23205 | G6: =B6-$B$2 -> -0.8
A7: =_xlfn.RANK.EQ(B7,$B$2:$B$162) -> 5 | B7: 30 | C7: JAKA | D7: Pro 16 | E7: Germany | F7: 26710 | G7: =B7-$B$2 -> -0.8
A8: =_xlfn.RANK.EQ(B8,$B$2:$B$162) -> 7 | B8: 29.8 | C8: JAKA | D8: Pro 12 | E8: Germany | F8: 23560 | G8: =B8-$B$2 -> -1
A9: =_xlfn.RANK.EQ(B9,$B$2:$B$162) -> 8 | B9: 29.7 | C9: Elite Robots | D9: EC616 | E9: China | F9: 25800 | G9: =B9-$B$2 -> -1.1
A10: =_xlfn.RANK.EQ(B10,$B$2:$B$162) -> 8 | B10: 29.7 | C10: JAKA | D10: Zu 12s | E10: Germany | F10: 30300 | G10: =B10-$B$2 -> -1.1
A11: =_xlfn.RANK.EQ(B11,$B$2:$B$162) -> 10 | B11: 29.6 | C11: AUBO Robotics | D11: AUBO i20 | E11: USA | F11: 30000 | G11: =B11-$B$2 -> -1.2
A12: =_xlfn.RANK.EQ(B12,$B$2:$B$162) -> 10 | B12: 29.6 | C12: JAKA | D12: Zu 12 | E12: Germany | F12: 23500 | G12: =B12-$B$2 -> -1.2
A13: =_xlfn.RANK.EQ(B13,$B$2:$B$162) -> 12 | B13: 29.5 | C13: Fanuc | D13: CRX-20iA/L | E13: Japan | F13: 45000 | G13: =B13-$B$2 -> -1.3
A14: =_xlfn.RANK.EQ(B14,$B$2:$B$162) -> 13 | B14: 29.4 | C14: Dobot | D14: CR10 | E14: China | F14: 21540 | G14: =B14-$B$2 -> -1.4
... A162: =_xlfn.RANK.EQ(B162,$B$2:$B$162) -> 161 | B162: -7.3 | C162: Comau | D162: Aura | E162: Italy | F162: 0 | G162: =B162-$B$2 -> -38.1

Sheet GraphsAndCharts
A1: Industrial Robot Installations (IFR)
A2: Industry | B2: 2023 | C2: 2022 | D2: Percent
A3: Automobilindustrie | B3: 135 | C3: 136 | D3: =100-B3*100/C3 -> 0.73529412
A4: Elektronikindustrie | B4: 126 | C4: 157 | D4: =100-B4*100/C4 -> 19.745223
A5: Metall- und Maschinenbau | B5: 77 | C5: 66 | D5: =100-B5*100/C5 -> -16.666667
A6: Plastik- und Chemieindustrie | B6: 22 | C6: 24 | D6: =100-B6*100/C6 -> 8.3333333
A7: Lebensmittelindustrie | B7: 15 | C7: 15 | D7: =100-B7*100/C7 -> 0
A8: Sonstige | B8: 75 | C8: 61 | D8: =100-B8*100/C8 -> -22.95082
A9: unbestimmt | B9: 91 | C9: 94 | D9: =100-B9*100/C9 -> 3.1914894
A11: Application of Cobots
B12: Material Handling | C12: Welding | D12: Assembly | E12: Dispensing | F12: Processing | G12: Service | H12: Other Application
A13: Total | B13: {=Scores!N163:T164} -> 156 | C13: 64 | D13: 125 | E13: 143 | F13: 77 | G13: 26 | H13: 80
A14: Percentage | B14: 0.969 | C14: 0.398 | D14: 0.776 | E14: 0.888 | F14: 0.478 | G14: 0.161 | H14: 0.497
A16: Statistical Values of quantitative Criteria
A17: Criterion | B17: Min | C17: Max | D17: Mean | E17: Median | F17: Mode | G17: Count
A18: Cost (EUR) | B18: {=TRANSPOSE(Scores!D166:J167)} -> 2900 | C18: 54333 | D18: {=TRANSPOSE(Scores!D163:J165)} -> 28585.44 | E18: 28107.5 | F18: 37500 | G18: =COUNT(Scores!D$2:D$162) -> 116
A19: Mass (kg) | B19: 4 | C19: 1615 | D19: 50.166875 | E19: 33.5 | F19: 23 | G19: =COUNT(Scores!E$2:E$162) -> 160
A20: Repeat (mm) | B20: 0.01 | C20: 1 | D20: 0.071379747 | E20: 0.03 | F20: 0.02 | G20: =COUNT(Scores!F$2:F$162) -> 158
A21: Payload (kg) | B21: 0.5 | C21: 170 | D21: 10.953125 | E21: 8 | F21: 5 | G21: =COUNT(Scores!G$2:G$162) -> 160
A22: DoF | B22: 4 | C22: 7 | D22: 6.0062893 | E22: 6 | F22: 6 | G22: =COUNT(Scores!H$2:H$162) -> 159
A23: Reach (mm) | B23: 343 | C23: 2790 | D23: 1095.7381 | E23: 967.5 | F23: 1300 | G23: =COUNT(Scores!I$2:I$162) -> 159
A24: Arms | B24: 1 | C24: 2 | D24: 1.0248447 | E24: 1 | F24: 1 | G24: =COUNT(Scores!J$2:J$162) -> 161
A26: Scatterplot of Cost and Score (changes according to criteria selection in Scores-Sheet) | H26: Histogramm of distribution in bins of size 5 (changes according to criteria selection in Scores-Sheet)
A43: Scatterplot of Cost and Score (cost excluded)
A60: Country Distribution | D60: Sorted Country Distribution
A61: Country Distribution | B61: Count | C61: Percentage | D61: Country | E61: Total | F61: Percentage
A62: {=_xlfn.UNIQUE(Scores!C2:C162)} -> Switzerland | B62: =COUNTIF(Scores!$C$2:$C$162,A62) -> 10 | C62: =B62/RawCobots!$D$182 -> 0.062111801 | D62: {=_xlfn.SORTBY(A62:C71,B62:B71,-1)} -> Germany | E62: 48 | F62: 0.29813665
A63: Germany | B63: =COUNTIF(Scores!$C$2:$C$162,A63) -> 48 | C63: =B63/RawCobots!$D$182 -> 0.29813665 | D63: Japan | E63: 34 | F63: 0.21118012
A64: USA | B64: =COUNTIF(Scores!$C$2:$C$162,A64) -> 8 | C64: =B64/RawCobots!$D$182 -> 0.049689441 | D64: China | E64: 27 | F64: 0.16770186
A65: Italy | B65: =COUNTIF(Scores!$C$2:$C$162,A65) -> 2 | C65: =B65/RawCobots!$D$182 -> 0.01242236 | D65: South Korea | E65: 13 | F65: 0.080745342
A66: Taiwan | B66: =COUNTIF(Scores!$C$2:$C$162,A66) -> 7 | C66: =B66/RawCobots!$D$182 -> 0.043478261 | D66: Denmark | E66: 11 | F66: 0.068322981
A67: Japan | B67: =COUNTIF(Scores!$C$2:$C$162,A67) -> 34 | C67: =B67/RawCobots!$D$182 -> 0.21118012 | D67: Switzerland | E67: 10 | F67: 0.062111801
A68: China | B68: =COUNTIF(Scores!$C$2:$C$162,A68) -> 27 | C68: =B68/RawCobots!$D$182 -> 0.16770186 | D68: USA | E68: 8 | F68: 0.049689441
A69: South Korea | B69: =COUNTIF(Scores!$C$2:$C$162,A69) -> 13 | C69: =B69/RawCobots!$D$182 -> 0.080745342 | D69: Taiwan | E69: 7 | F69: 0.043478261
A70: Denmark | B70: =COUNTIF(Scores!$C$2:$C$162,A70) -> 11 | C70: =B70/RawCobots!$D$182 -> 0.068322981 | D70: Italy | E70: 2 | F70: 0.01242236
A71: Canada | B71: =COUNTIF(Scores!$C$2:$C$162,A71) -> 1 | C71: =B71/RawCobots!$D$182 -> 0.0062111801 | D71: Canada | E71: 1 | F71: 0.0062111801
D72: By Continent
D73: Europe | E73: =B62+B63+B65+B70 -> 71 | F73: =E73/RawCobots!$D$182 -> 0.44099379
D74: Asia | E74: =B66+B68+B69+B67 -> 81 | F74: =E74/RawCobots!$D$182 -> 0.50310559
D75: North America | E75: =B64+B71 -> 9 | F75: =E75/RawCobots!$D$182 -> 0.055900621

Sheet RawCobots
A1: Manufacturer | B1: Model | C1: Info | D1: Search 1 | E1: Search 2 | F1: Price (EUR) | G1: Life Exp (h) | H1: Mass (kg) | I1: Repeat (±mm) | J1: Payload (kg) | K1: DoF | L1: Reach (mm) | M1: Arms | N1: Prog Methods | O1: ProgScore | P1: Add. Sens | Q1: MatHand | R1: Weld | S1: Assembly | T1: Disp | U1: Proc | V1: Serv | W1: OtherApp | X1: DegAnthro | Y1: Maturity | Z1: Base area (mmxmm / Ø) | AA1: Country | AB1: Cobot? | AC1: exclude | AD1: Other
A2: ABB | B2: GoFa CRB 15000 - 5kg | C2: https://new.abb.com/products/robotics/robots/collaborative-robots/crb-15000 | D2: Y | E2: Y | F2: 30000 | H2: 28 | I2: 0.02 | J2: 5 | K2: 6 | L2: 950 | M2: 1 | N2: propr, mult | O2: {=INDEX(DataValidation!$B$2:$B$11, _xlfn.XMATCH(N2, DataValidation!$A$2:$A$11))} -> 2 | P2: 0 | Q2: 1 | R2: 0 | S2: 1 | T2: 1 | U2: 0 | V2: 0 | W2: 0 | X2: 0 | Y2: 2 | Z2: 165x165 | AA2: Switzerland | AB2: 3
A3: ABB | B3: GoFa CRB 15000 - 10kg | D3: Y | E3: N | F3: 37500 | H3: 48 | I3: 0.02 | J3: 10 | K3: 6 | L3: 1270 | M3: 1 | N3: propr, mult | O3: {=INDEX(DataValidation!$B$2:$B$11, _xlfn.XMATCH(N3, DataValidation!$A$2:$A$11))} -> 2 | P3: 0 | Q3: 1 | R3: 0 | S3: 1 | T3: 1 | U3: 0 | V3: 0 | W3: 0 | X3: 0 | Y3: 2 | Z3: 200x200 | AA3: Switzerland | AB3: 3
A4: ABB | B4: GoFa CRB 15000 - 12kg | D4: Y | E4: N | F4: 37500 | H4: 51 | I4: 0.02 | J4: 12 | K4: 6 | L4: 1520 | M4: 1 | N4: propr, mult | O4: {=INDEX(DataValidation!$B$2:$B$11, _xlfn.XMATCH(N4, DataValidation!$A$2:$A$11))} -> 2 | P4: 0 | Q4: 1 | R4: 0 | S4: 1 | T4: 1 | U4: 0 | V4: 0 | W4: 0 | X4: 0 | Y4: 2 | Z4: 200x200 | AA4: Switzerland | AB4: 3
A5: ABB | B5: YuMi IRB 14050 | C5: https://new.abb.com/products/robotics/robots/collaborative-robots/yumi/single-arm | D5: Y | E5: Y | F5: 31000 | H5: 9.5 | I5: 0.02 | J5: 0.5 | K5: 7 | L5: 559 | M5: 1 | N5: propr, mult | O5: {=INDEX(DataValidation!$B$2:$B$11, _xlfn.XMATCH(N5, DataValidation!$A$2:$A$11))} -> 2 | P5: 0 | Q5: 1 | R5: 0 | S5: 1 | T5: 0 | U5: 0 | V5: 0 | W5: 0 | X5: 0 | Y5: 2 | Z5: 165x165 | AA5: Switzerland | AB5: 3
A6: ABB | B6: YuMi IRB 14000 | C6: https://new.abb.com/products/robotics/robots/collaborative-robots/yumi/dual-arm | D6: Y | E6: Y | F6: 51000 | H6: 38 | I6: 0.02 | J6: 0.5 | K6: 7 | L6: 559 | M6: 2 | N6: propr, mult | O6: {=INDEX(DataValidation!$B$2:$B$11, _xlfn.XMATCH(N6, DataValidation!$A$2:$A$11))} -> 2 | P6: 0 | Q6: 1 | R6: 0 | S6: 1 | T6: 0 | U6: 0 | V6: 0 | W6: 0 | X6: 0 | Y6: 2 | Z6: 399x496 | AA6: Switzerland | AB6: 3
A7: ABB | B7: SWIFTI CRB 1100-4/0.58 | D7: N | E7: Y | F7: 29300 | H7: 21 | I7: 0.01 | J7: 4 | K7: 6 | L7: 580 | M7: 1 | N7: propr, mult | O7: {=INDEX(DataValidation!$B$2:$B$11, _xlfn.XMATCH(N7, DataValidation!$A$2:$A$11))} -> 2 | P7: 1 | Q7: 1 | R7: 0 | S7: 1 | T7: 0 | U7: 1 | V7: 0 | W7: 0 | X7: 0 | Y7: 2 | AA7: Switzerland | AB7: 3
A8: ABB | B8: SWIFTI CRB 1300-7/1.4 | D8: N | E8: Y | F8: 34500 | H8: 75 | I8: 0.03 | J8: 7 | K8: 6 | L8: 580 | M8: 1 | N8: propr, mult | O8: {=INDEX(DataValidation!$B$2:$B$11, _xlfn.XMATCH(N8, DataValidation!$A$2:$A$11))} -> 2 | P8: 1 | Q8: 1 | R8: 0 | S8: 1 | T8: 0 | U8: 1 | V8: 0 | W8: 0 | X8: 0 | Y8: 2 | AA8: Switzerland | AB8: 3
A9: ABB | B9: SWIFTI CRB 1300-10/1.15 | D9: N | E9: Y | F9: 34500 | H9: 77 | I9: 0.023 | J9: 10 | K9: 6 | L9: 1150 | M9: 1 | N9: propr, mult | O9: {=INDEX(DataValidation!$B$2:$B$11, _xlfn.XMATCH(N9, DataValidation!$A$2:$A$11))} -> 2 | P9: 1 | Q9: 1 | R9: 0 | S9: 1 | T9: 0 | U9: 1 | V9: 0 | W9: 0 | X9: 0 | Y9: 2 | AA9: Switzerland | AB9: 3
A10: ABB | B10: SWIFTI CRB 1300-11/0.9 | D10: N | E10: Y | F10: 34500 | H10: 79 | I10: 0.02 | J10: 11 | K10: 6 | L10: 900 | M10: 1 | N10: propr, mult | O10: {=INDEX(DataValidation!$B$2:$B$11, _xlfn.XMATCH(N10, DataValidation!$A$2:$A$11))} -> 2 | P10: 1 | Q10: 1 | R10: 0 | S10: 1 | T10: 0 | U10: 1 | V10: 0 | W10: 0 | X10: 0 | Y10: 2 | AA10: Switzerland | AB10: 3
A11: Agile Robots | B11: Yu 5 Industiral | D11: N | E11: Y | F11: 27000 | H11: 31.5 | I11: 0.05 | J11: 7 | K11: 6 | L11: 1000 | M11: 1 | N11: propr, open, mult | O11: {=INDEX(DataValidation!$B$2:$B$11, _xlfn.XMATCH(N11, DataValidation!$A$2:$A$11))} -> 3 | P11: 0 | Q11: 1 | R11: 1 | S11: 1 | T11: 1 | U11: 1 | V11: 0 | W11: 0 | X11: 0 | Y11: 2 | AA11: Germany | AB11: 3
A12: AUBO Robotics | B12: AUBO i3 | D12: N | E12: Y | F12: 18000 | H12: 16 | I12: 0.05 | J12: 3 | K12: 6 | L12: 625 | M12: 1 | N12: open, mult | O12: {=INDEX(DataValidation!$B$2:$B$11, _xlfn.XMATCH(N12, DataValidation!$A$2:$A$11))} -> 3 | P12: 0 | Q12: 1 | R12: 0 | S12: 1 | T12: 1 | U12: 1 | V12: 1 | W12: 1 | X12: 0 | Y12: 2 | AA12: USA | AB12: 3
A13: AUBO Robotics | B13: AUBO i5 | D13: N | E13: Y | F13: 18000 | H13: 24 | I13: 0.05 | J13: 5 | K13: 6 | L13: 886.5 | M13: 1 | N13: open, mult | O13: {=INDEX(DataValidation!$B$2:$B$11, _xlfn.XMATCH(N13, DataValidation!$A$2:$A$11))} -> 3 | P13: 0 | Q13: 1 | R13: 0 | S13: 1 | T13: 1 | U13: 1 | V13: 1 | W13: 1 | X13: 0 | Y13: 2 | AA13: USA | AB13: 3
A14: AUBO Robotics | B14: AUBO i10 | D14: N | E14: Y | F14: 20000 | H14: 38.5 | I14: 0.1 | J14: 10 | K14: 6 | L14: 1350 | M14: 1 | N14: open, mult | O14: {=INDEX(DataValidation!$B$2:$B$11, _xlfn.XMATCH(N14, DataValidation!$A$2:$A$11))} -> 3 | P14: 0 | Q14: 1 | R14: 0 | S14: 1 | T14: 1 | U14: 1 | V14: 1 | W14: 1 | X14: 0 | Y14: 2 | AA14: USA | AB14: 3
A15: AUBO Robotics | B15: AUBO i16 | D15: N | E15: Y | F15: 21000 | H15: 38 | I15: 0.1 | J15: 16 | K15: 6 | L15: 967.5 | M15: 1 | N15: open, mult | O15: {=INDEX(DataValidation!$B$2:$B$11, _xlfn.XMATCH(N15, DataValidation!$A$2:$A$11))} -> 3 | P15: 0 | Q15: 1 | R15: 0 | S15: 1 | T15: 1 | U15: 1 | V15: 1 | W15: 1 | X15: 0 | Y15: 2 | AA15: USA | AB15: 3
A16: AUBO Robotics | B16: AUBO i20 | D16: N | E16: Y | F16: 30000 | H16: 63 | I16: 0.1 | J16: 20 | K16: 6 | L16: 1650 | M16: 1 | N16: open, mult | O16: {=INDEX(DataValidation!$B$2:$B$11, _xlfn.XMATCH(N16, DataValidation!$A$2:$A$11))} -> 3 | P16: 0 | Q16: 1 | R16: 0 | S16: 1 | T16: 1 | U16: 1 | V16: 1 | W16: 1 | X16: 0 | Y16: 2 | AA16: USA | AB16: 3
A17: Brooks Automation | B17: PreciseFlex DDR 4 | D17: N | E17: Y | H17: 46 | I17: 0.02 | J17: 8 | K17: 4 | L17: 1793 | M17: 1 | N17: propr, mult | O17: {=INDEX(DataValidation!$B$2:$B$11, _xlfn.XMATCH(N17, DataValidation!$A$2:$A$11))} -> 2 | P17: 0 | Q17: 1 | R17: 0 | S17: 1 | T17: 1 | U17: 1 | V17: 0 | W17: 1 | X17: 0 | Y17: 2 | AA17: USA | AB17: 3
A18: Brooks Automation | B18: PreciseFlex DDR 6 | D18: N | E18: Y | H18: 46 | I18: 0.02 | J18: 6 | K18: 6 | L18: 1793 | M18: 1 | N18: propr, mult | O18: {=INDEX(DataValidation!$B$2:$B$11, _xlfn.XMATCH(N18, DataValidation!$A$2:$A$11))} -> 2 | P18: 0 | Q18: 1 | R18: 0 | S18: 1 | T18: 1 | U18: 1 | V18: 0 | W18: 1 | X18: 0 | Y18: 2 | AA18: USA | AB18: 3
A19: Brooks Automation | B19: PreciseFlex 3400 | D19: N | E19: Y | H19: 20 | I19: 0.09 | J19: 3 | K19: 4 | L19: 587.76 | M19: 1 | N19: propr, mult | O19: {=INDEX(DataValidation!$B$2:$B$11, _xlfn.XMATCH(N19, DataValidation!$A$2:$A$11))} -> 2 | P19: 0 | Q19: 1 | R19: 0 | S19: 1 | T19: 1 | U19: 1 | V19: 0 | W19: 1 | X19: 0 | Y19: 2 | AA19: USA | AB19: 3
A20: CLOOS | B20: QINEO ArcBoT | C20: https://expo.cloos.de/en/arcbot/ | D20: Y | E20: N | M20: 1 | O20: {=INDEX(DataValidation!$B$2:$B$11, _xlfn.XMATCH(N20, DataValidation!$A$2:$A$11))} -> 0 | AA20: Germany | AB20: 1 | AC20: Y
A21: Comau | B21: Aura | C21: https://www.comau.com/en/our-offer/robotics-automation/collaborative-robotics/aura-collaborative-robot/ | D21: Y | E21: N | H21: 1615 | I21: 0.1 | J21: 170 | K21: 6 | L21: 2790 | M21: 1 | N21: propr | O21: {=INDEX(DataValidation!$B$2:$B$11, _xlfn.XMATCH(N21, DataValidation!$A$2:$A$11))} -> 1 | P21: 0 | Q21: 1 | R21: 0 | S21: 0 | T21: 1 | U21: 0 | V21: 0 | W21: 0 | X21: 0 | Y21: 1.5 | AA21: Italy | AB21: 3
A22: Comau | B22: Racer-5 | C22: https://www.comau.com/en/our-offer/products-and-solutions/robot-team/racer-5-0-80-cobot/ | D22: Y | E22: N | H22: 34 | I22: 0.03 | J22: 5 | K22: 6 | L22: 809 | M22: 1 | N22: propr | O22: {=INDEX(DataValidation!$B$2:$B$11, _xlfn.XMATCH(N22, DataValidation!$A$2:$A$11))} -> 1 | P22: 0 | Q22: 1 | S22: 1 | T22: 1 | U22: 0 | V22: 0 | W22: 0 | X22: 0 | Y22: 2 | AA22: Italy | AB22: 3
A23: Delta Electronics | B23: Delta D-Bot DC06 | D23: N | E23: Y | F23: 26900 | H23: 24 | I23: 0.02 | J23: 6 | K23: 6 | L23: 800 | M23: 1 | N23: propr, mult | O23: {=INDEX(DataValidation!$B$2:$B$11, _xlfn.XMATCH(N23, DataValidation!$A$2:$A$11))} -> 2 | P23: 0 | Q23: 1 | R23: 1 | S23: 1 | T23: 1 | U23: 1 | V23: 0 | W23: 0 | X23: 0 | Y23: 2 | AA23: Taiwan | AB23: 3
A24: Delta Electronics | B24: Delta D-Bot DC08 | D24: N | E24: Y | F24: 31900 | H24: 40 | I24: 0.02 | J24: 8 | K24: 6 | L24: 1300 | M24: 1 | N24: propr, mult | O24: {=INDEX(DataValidation!$B$2:$B$11, _xlfn.XMATCH(N24, DataValidation!$A$2:$A$11))} -> 2 | P24: 0 | Q24: 1 | R24: 1 | S24: 1 | T24: 1 | U24: 1 | V24: 0 | W24: 0 | X24: 0 | Y24: 2 | AA24: Taiwan | AB24: 3
A25: Delta Electronics | B25: Delta D-Bot DC10 | D25: N | E25: Y | F25: 33900 | H25: 39 | I25: 0.02 | J25: 10 | K25: 6 | L25: 1200 | M25: 1 | N25: propr, mult | O25: {=INDEX(DataValidation!$B$2:$B$11, _xlfn.XMATCH(N25, DataValidation!$A$2:$A$11))} -> 2 | P25: 0 | Q25: 1 | R25: 1 | S25: 1 | T25: 1 | U25: 1 | V25: 0 | W25: 0 | X25: 0 | Y25: 2 | AA25: Taiwan | AB25: 3
A26: Delta Electronics | B26: Delta D-Bot DC16 | D26: N | E26: Y | F26: 38900 | H26: 70 | I26: 0.02 | J26: 16 | K26: 6 | L26: 1600 | M26: 1 | N26: propr, mult | O26: {=INDEX(DataValidation!$B$2:$B$11, _xlfn.XMATCH(N26, DataValidation!$A$2:$A$11))} -> 2 | P26: 0 | Q26: 1 | R26: 1 | S26: 1 | T26: 1 | U26: 1 | V26: 0 | W26: 0 | X26: 0 | Y26: 2 | AA26: Taiwan | AB26: 3
A27: Delta Electronics | B27: Delta D-Bot DC20 | D27: N | E27: Y | F27: 47900 | H27: 101 | I27: 0.02 | J27: 20 | K27: 6 | L27: 1800 | M27: 1 | N27: propr, mult | O27: {=INDEX(DataValidation!$B$2:$B$11, _xlfn.XMATCH(N27, DataValidation!$A$2:$A$11))} -> 2 | P27: 0 | Q27: 1 | R27: 1 | S27: 1 | T27: 1 | U27: 1 | V27: 0 | W27: 0 | X27: 0 | Y27: 2 | AA27: Taiwan | AB27: 3
A28: Delta Electronics | B28: Delta D-Bot DC30 | D28: N | E28: Y | F28: 52900 | H28: 98 | I28: 0.02 | J28: 30 | K28: 6 | L28: 1300 | M28: 1 | N28: propr, mult | O28: {=INDEX(DataValidation!$B$2:$B$11, _xlfn.XMATCH(N28, DataValidation!$A$2:$A$11))} -> 2 | P28: 0 | Q28: 1 | R28: 1 | S28: 1 | T28: 1 | U28: 1 | V28: 0 | W28: 0 | X28: 0 | Y28: 2 | AA28: Taiwan | AB28: 3
A29: DENSO Robotocs | B29: COBOTTA | D29: N | E29: Y | F29: 14800 | H29: 4 | I29: 0.05 | J29: 0.5 | K29: 6 | L29: 343 | M29: 1 | N29: propr, open, mult | O29: {=INDEX(DataValidation!$B$2:$B$11, _xlfn.XMATCH(N29, DataValidation!$A$2:$A$11))} -> 3 | P29: 0 | Q29: 1 | R29: 0 | S29: 1 | T29: 1 | U29: 0 | V29: 0 | W29: 0 | X29: 0 | Y29: 2 | AA29: Japan | AB29: 3
A30: DENSO Robotocs | B30: COBOTTA PRO 1300 | D30: N | E30: Y | H30: 12 | I30: 0.04 | J30: 12 | K30: 6 | L30: 1303 | M30: 1 | N30: propr, open, mult | O30: {=INDEX(DataValidation!$B$2:$B$11, _xlfn.XMATCH(N30, DataValidation!$A$2:$A$11))} -> 3 | P30: 0 | Q30: 1 | R30: 0 | S30: 1 | T30: 0 | U30: 0 | V30: 0 | W30: 1 | X30: 0 | Y30: 2 | AA30: Japan | AB30: 3
A31: Dobot | B31: CR5 | D31: N | E31: Y | F31: 15390 | G31: 32000 | H31: 23 | I31: 0.03 | J31: 5 | K31: 6 | L31: 900 | M31: 1 | N31: propr, open, mult | O31: {=INDEX(DataValidation!$B$2:$B$11, _xlfn.XMATCH(N31, DataValidation!$A$2:$A$11))} -> 3 | P31: 0 | Q31: 1 | R31: 1 | S31: 1 | T31: 1 | U31: 0 | V31: 1 | W31: 0 | X31: 0 | Y31: 2 | AA31: China | AB31: 3
A32: Dobot | B32: CR10 | D32: N | E32: Y | F32: 21540 | G32: 32000 | H32: 40 | I32: 0.03 | J32: 10 | K32: 6 | L32: 1300 | M32: 1 | N32: propr, open, mult | O32: {=INDEX(DataValidation!$B$2:$B$11, _xlfn.XMATCH(N32, DataValidation!$A$2:$A$11))} -> 3 | P32: 0 | Q32: 1 | R32: 1 | S32: 1 | T32: 1 | U32: 0 | V32: 1 | W32: 0 | X32: 0 | Y32: 2 | AA32: China | AB32: 3
A33: Dobot | B33: Nova 2 | D33: N | E33: Y | F33: 8920 | H33: 11 | I33: 0.05 | J33: 2 | K33: 6 | L33: 625 | M33: 1 | N33: propr, open, mult | O33: {=INDEX(DataValidation!$B$2:$B$11, _xlfn.XMATCH(N33, DataValidation!$A$2:$A$11))} -> 3 | P33: 0 | Q33: 0 | R33: 0 | S33: 0 | T33: 0 | U33: 0 | V33: 1 | W33: 1 | X33: 0 | Y33: 2 | AA33: China | AB33: 3
A34: Dobot | B34: Nova 5 | D34: N | E34: Y | F34: 9540 | H34: 14 | I34: 0.05 | J34: 5 | K34: 6 | L34: 850 | M34: 1 | N34: propr, open, mult | O34: {=INDEX(DataValidation!$B$2:$B$11, _xlfn.XMATCH(N34, DataValidation!$A$2:$A$11))} -> 3 | P34: 0 | Q34: 0 | R34: 0 | S34: 0 | T34: 0 | U34: 0 | V34: 1 | W34: 1 | X34: 0 | Y34: 2 | AA34: China | AB34: 3
A35: Doosan Robotics | B35: A0509 | D35: N | E35: Y | F35: 22500 | H35: 21 | I35: 0.03 | J35: 5 | K35: 6 | L35: 900 | M35: 1 | N35: propr | O35: {=INDEX(DataValidation!$B$2:$B$11, _xlfn.XMATCH(N35, DataValidation!$A$2:$A$11))} -> 1 | P35: 0 | Q35: 1 | R35: 0 | S35: 1 | T35: 1 | U35: 1 | V35: 0 | W35: 0 | X35: 0 | Y35: 2 | AA35: South Korea | AB35: 3
A36: Doosan Robotics | B36: A0912 | D36: N | E36: Y | F36: 27500 | H36: 27 | I36: 0.05 | J36: 9 | K36: 6 | L36: 1200 | M36: 1 | N36: propr | O36: {=INDEX(DataValidation!$B$2:$B$11, _xlfn.XMATCH(N36, DataValidation!$A$2:$A$11))} -> 1 | P36: 0 | Q36: 1 | R36: 0 | S36: 1 | T36: 1 | U36: 1 | V36: 0 | W36: 0 | X36: 0 | Y36: 2 | AA36: South Korea | AB36: 3
A37: Doosan Robotics | B37: M0609 | D37: N | E37: Y | F37: 29500 | H37: 27 | I37: 0.05 | J37: 6 | K37: 6 | L37: 900 | M37: 1 | N37: propr | O37: {=INDEX(DataValidation!$B$2:$B$11, _xlfn.XMATCH(N37, DataValidation!$A$2:$A$11))} -> 1 | P37: 1 | Q37: 1 | R37: 1 | S37: 1 | T37: 1 | U37: 0 | V37: 0 | W37: 0 | X37: 0 | Y37: 2 | AA37: South Korea | AB37: 3
A38: Doosan Robotics | B38: M1509 | D38: N | E38: Y | F38: 37500 | H38: 32 | I38: 0.05 | J38: 15 | K38: 6 | L38: 900 | M38: 1 | N38: propr | O38: {=INDEX(DataValidation!$B$2:$B$11, _xlfn.XMATCH(N38, DataValidation!$A$2:$A$11))} -> 1 | P38: 1 | Q38: 1 | R38: 1 | S38: 1 | T38: 1 | U38: 0 | V38: 0 | W38: 0 | X38: 0 | Y38: 2 | AA38: South Korea | AB38: 3
A39: Doosan Robotics | B39: H2017 | D39: N | E39: Y | F39: 44000 | H39: 74 | I39: 0.1 | J39: 20 | K39: 6 | L39: 1700 | M39: 1 | N39: propr | O39: {=INDEX(DataValidation!$B$2:$B$11, _xlfn.XMATCH(N39, DataValidation!$A$2:$A$11))} -> 1 | P39: 1 | Q39: 1 | R39: 0 | S39: 1 | T39: 1 | U39: 1 | V39: 0 | W39: 0 | X39: 0 | Y39: 2 | AA39: South Korea | AB39: 3
A40: Doosan Robotics | B40: H2515 | D40: N | E40: Y | F40: 50500 | H40: 72 | I40: 0.1 | J40: 25 | K40: 6 | L40: 1500 | M40: 1 | N40: propr | O40: {=INDEX(DataValidation!$B$2:$B$11, _xlfn.XMATCH(N40, DataValidation!$A$2:$A$11))} -> 1 | P40: 1 | Q40: 1 | R40: 0 | S40: 1 | T40: 1 | U40: 1 | V40: 0 | W40: 0 | X40: 0 | Y40: 2 | AA40: South Korea | AB40: 3
A41: Dürr | B41: ADAS | C41: https://www.durr.com/de/produkte/endmontage/prueftechnik/einstellung-fahrerassistenzsysteme/einstellung-fahrerassistenzsysteme-nutzfahrzeuge-1 | D41: Y | E41: N | M41: 1 | O41: {=INDEX(DataValidation!$B$2:$B$11, _xlfn.XMATCH(N41, DataValidation!$A$2:$A$11))} -> 0 | W41: 1 | AA41: Germany | AB41: 1 | AC41: Y
A42: Elite Robots | B42: EC63 | D42: N | E42: Y | F42: 14280 | H42: 13 | I42: 0.02 | J42: 3 | K42: 6 | L42: 624 | M42: 1 | N42: propr, open, mult | O42: {=INDEX(DataValidation!$B$2:$B$11, _xlfn.XMATCH(N42, DataValidation!$A$2:$A$11))} -> 3 | P42: 0 | Q42: 1 | R42: 1 | S42: 1 | T42: 1 | U42: 1 | V42: 0 | W42: 0 | X42: 0 | Y42: 2 | AA42: China | AB42: 3
A43: Elite Robots | B43: EC616 | D43: N | E43: Y | F43: 25800 | H43: 32.5 | I43: 0.03 | J43: 16 | K43: 6 | L43: 954 | M43: 1 | N43: propr, open, mult | O43: {=INDEX(DataValidation!$B$2:$B$11, _xlfn.XMATCH(N43, DataValidation!$A$2:$A$11))} -> 3 | P43: 0 | Q43: 1 | R43: 1 | S43: 1 | T43: 1 | U43: 1 | V43: 0 | W43: 0 | X43: 0 | Y43: 2 | AA43: China | AB43: 3
A44: Elite Robots | B44: CS63 | D44: N | E44: Y | F44: 16840 | H44: 15 | I44: 0.02 | J44: 3 | K44: 6 | L44: 624 | M44: 1 | N44: propr, open, mult | O44: {=INDEX(DataValidation!$B$2:$B$11, _xlfn.XMATCH(N44, DataValidation!$A$2:$A$11))} -> 3 | P44: 0 | Q44: 1 | R44: 0 | S44: 1 | T44: 1 | U44: 0 | V44: 0 | W44: 0 | X44: 0 | Y44: 2 | AA44: China | AB44: 3
A45: Elite Robots | B45: CS625 | D45: N | E45: Y | F45: 34400 | H45: 58 | I45: 0.08 | J45: 25 | K45: 6 | L45: 1500 | M45: 1 | N45: propr, open, mult | O45: {=INDEX(DataValidation!$B$2:$B$11, _xlfn.XMATCH(N45, DataValidation!$A$2:$A$11))} -> 3 | P45: 0 | Q45: 1 | R45: 0 | S45: 1 | T45: 1 | U45: 0 | V45: 0 | W45: 0 | X45: 0 | Y45: 2 | AA45: China | AB45: 3
A46: Elite Robots | B46: EC66 | D46: N | E46: Y | F46: 16875 | H46: 17.5 | I46: 0.03 | J46: 6 | K46: 6 | L46: 914 | M46: 1 | N46: propr, open, mult | O46: {=INDEX(DataValidation!$B$2:$B$11, _xlfn.XMATCH(N46, DataValidation!$A$2:$A$11))} -> 3 | P46: 0 | Q46: 1 | R46: 1 | S46: 1 | T46: 1 | U46: 1 | V46: 0 | W46: 0 | X46: 0 | Y46: 2 | AA46: China | AB46: 3
A47: Elite Robots | B47: EC68-08 | D47: N | E47: Y | F47: 18575 | H47: 17 | I47: 0.03 | J47: 8 | K47: 6 | L47: 820 | M47: 1 | N47: propr, open, mult | O47: {=INDEX(DataValidation!$B$2:$B$11, _xlfn.XMATCH(N47, DataValidation!$A$2:$A$11))} -> 3 | P47: 0 | Q47: 1 | R47: 1 | S47: 1 | T47: 1 | U47: 1 | V47: 0 | W47: 0 | X47: 0 | Y47: 2 | AA47: China | AB47: 3
A48: Elite Robots | B48: EC612 | D48: N | E48: Y | F48: 23205 | H48: 33.5 | I48: 0.05 | J48: 12 | K48: 6 | L48: 1304 | M48: 1 | N48: propr, open, mult | O48: {=INDEX(DataValidation!$B$2:$B$11, _xlfn.XMATCH(N48, DataValidation!$A$2:$A$11))} -> 3 | P48: 0 | Q48: 1 | R48: 1 | S48: 1 | T48: 1 | U48: 1 | V48: 0 | W48: 0 | X48: 0 | Y48: 2 | AA48: China | AB48: 3
A49: Elite Robots | B49: EC64-19 | D49: N | E49: Y | F49: 20700 | H49: 33.5 | I49: 0.05 | J49: 4 | K49: 6 | L49: 1900 | M49: 1 | N49: propr, open, mult | O49: {=INDEX(DataValidation!$B$2:$B$11, _xlfn.XMATCH(N49, DataValidation!$A$2:$A$11))} -> 3 | P49: 0 | Q49: 0 | R49: 0 | S49: 0 | T49: 0 | U49: 0 | V49: 0 | W49: 1 | X49: 0 | Y49: 2 | AA49: China | AB49: 3
A50: Elite Robots | B50: CS66 | D50: N | E50: Y | F50: 19160 | H50: 20 | I50: 0.03 | J50: 6 | K50: 6 | L50: 914 | M50: 1 | N50: propr, open, mult | O50: {=INDEX(DataValidation!$B$2:$B$11, _xlfn.XMATCH(N50, DataValidation!$A$2:$A$11))} -> 3 | P50: 0 | Q50: 1 | R50: 0 | S50: 0 | T50: 1 | U50: 0 | V50: 0 | W50: 1 | X50: 0 | Y50: 2 | AA50: China | AB50: 3
A51: Elite Robots | B51: CS612 | D51: N | E51: Y | F51: 28130 | H51: 37 | I51: 0.05 | J51: 12 | K51: 6 | L51: 1304 | M51: 1 | N51: propr, open, mult | O51: {=INDEX(DataValidation!$B$2:$B$11, _xlfn.XMATCH(N51, DataValidation!$A$2:$A$11))} -> 3 | P51: 0 | Q51: 1 | R51: 1 | S51: 1 | T51: 1 | U51: 0 | V51: 0 | W51: 1 | X51: 0 | Y51: 2 | AA51: China | AB51: 3
A52: Elite Robots | B52: CS620 | D52: N | E52: Y | F52: 30720 | H52: 60 | I52: 0.06 | J52: 20 | K52: 6 | L52: 1800 | M52: 1 | N52: propr, open, mult | O52: {=INDEX(DataValidation!$B$2:$B$11, _xlfn.XMATCH(N52, DataValidation!$A$2:$A$11))} -> 3 | P52: 0 | Q52: 1 | R52: 0 | S52: 1 | T52: 1 | U52: 0 | V52: 0 | W52: 0 | X52: 0 | Y52: 2 | AA52: China | AB52: 3
A53: Elite Robots | B53: CS68 | D53: N | E53: Y | O53: {=INDEX(DataValidation!$B$2:$B$11, _xlfn.XMATCH(N53, DataValidation!$A$2:$A$11))} -> 0 | AA53: China | AB53: 3 | AC53: Y
A54: Elite Robots | B54: CS616 | D54: N | E54: Y | O54: {=INDEX(DataValidation!$B$2:$B$11, _xlfn.XMATCH(N54, DataValidation!$A$2:$A$11))} -> 0 | AA54: China | AB54: 3 | AC54: Y
A55: Elite Robots | B55: CS618 | D55: N | E55: Y | O55: {=INDEX(DataValidation!$B$2:$B$11, _xlfn.XMATCH(N55, DataValidation!$A$2:$A$11))} -> 0 | AA55: China | AB55: 3 | AC55: Y
A56: ESTUN | B56: S3-60 Eco | C56: https://en.estun.com/?list_191/1788.html | D56: Y | E56: Y | H56: 14 | I56: 0.03 | J56: 3 | K56: 6 | L56: 575.8 | M56: 1 | N56: propr | O56: {=INDEX(DataValidation!$B$2:$B$11, _xlfn.XMATCH(N56, DataValidation!$A$2:$A$11))} -> 1 | P56: 0 | Q56: 1 | R56: 0 | S56: 0 | T56: 1 | U56: 0 | V56: 0 | W56: 0 | X56: 0 | Y56: 1 | AA56: China | AB56: 3
A57: ESTUN | B57: S3-60 Pro | C57: https://en.estun.com/?list_191/1796.html | D57: Y | E57: N | H57: 14 | I57: 0.03 | J57: 3 | K57: 6 | L57: 575.8 | M57: 1 | N57: propr | O57: {=INDEX(DataValidation!$B$2:$B$11, _xlfn.XMATCH(N57, DataValidation!$A$2:$A$11))} -> 1 | P57: 1 | Q57: 1 | R57: 0 | S57: 0 | T57: 1 | U57: 0 | V57: 0 | W57: 0 | X57: 0 | Y57: 1 | AA57: China | AB57: 3
A58: ESTUN | B58: S5-90 Eco | C58: https://en.estun.com/?list_191/1789.html | D58: Y | E58: N | H58: 21 | I58: 0.03 | J58: 5 | K58: 6 | L58: 919 | M58: 1 | N58: propr | O58: {=INDEX(DataValidation!$B$2:$B$11, _xlfn.XMATCH(N58, DataValidation!$A$2:$A$11))} -> 1 | P58: 0 | Q58: 1 | R58: 0 | S58: 0 | T58: 1 | U58: 0 | V58: 0 | W58: 0 | X58: 0 | Y58: 1 | AA58: China | AB58: 3
A59: ESTUN | B59: S5-90 Pro | C59: https://en.estun.com/?list_191/1797.html | D59: Y | E59: Y | H59: 21 | I59: 0.03 | J59: 5 | K59: 6 | L59: 919 | M59: 1 | N59: propr | O59: {=INDEX(DataValidation!$B$2:$B$11, _xlfn.XMATCH(N59, DataValidation!$A$2:$A$11))} -> 1 | P59: 1 | Q59: 1 | R59: 0 | S59: 0 | T59: 1 | U59: 0 | V59: 0 | W59: 0 | X59: 0 | Y59: 1 | AA59: China | AB59: 3
A60: ESTUN | B60: S10-140 Eco | C60: https://en.estun.com/?list_191/1790.html | D60: Y | E60: N | H60: 37 | I60: 0.03 | J60: 10 | K60: 6 | L60: 1400 | M60: 1 | N60: propr | O60: {=INDEX(DataValidation!$B$2:$B$11, _xlfn.XMATCH(N60, DataValidation!$A$2:$A$11))} -> 1 | P60: 0 | Q60: 1 | R60: 0 | S60: 0 | T60: 1 | U60: 0 | V60: 0 | W60: 0 | X60: 0 | Y60: 1 | AA60: China | AB60: 3
A61: ESTUN | B61: S10-140 Pro | C61: https://en.estun.com/?list_191/1798.html | D61: Y | E61: Y | H61: 37 | I61: 0.03 | J61: 10 | K61: 6 | L61: 1400 | M61: 1 | N61: propr | O61: {=INDEX(DataValidation!$B$2:$B$11, _xlfn.XMATCH(N61, DataValidation!$A$2:$A$11))} -> 1 | P61: 1 | Q61: 1 | R61: 0 | S61: 0 | T61: 1 | U61: 0 | V61: 0 | W61: 0 | X61: 0 | Y61: 1 | AA61: China | AB61: 3
A62: ESTUN | B62: S20-180 Eco | C62: https://en.estun.com/?list_191/1791.html | D62: Y | E62: Y | H62: 58 | I62: 0.1 | J62: 20 | K62: 6 | L62: 1777.5 | M62: 1 | N62: propr | O62: {=INDEX(DataValidation!$B$2:$B$11, _xlfn.XMATCH(N62, DataValidation!$A$2:$A$11))} -> 1 | P62: 0 | Q62: 1 | R62: 0 | S62: 0 | T62: 1 | U62: 0 | V62: 0 | W62: 0 | X62: 0 | Y62: 1 | AA62: China | AB62: 3
A63: ESTUN | B63: S20-180 Pro | C63: https://en.estun.com/?list_191/1799.html | D63: Y | E63: N | H63: 58 | I63: 0.1 | J63: 20 | K63: 6 | L63: 1777.5 | M63: 1 | N63: propr | O63: {=INDEX(DataValidation!$B$2:$B$11, _xlfn.XMATCH(N63, DataValidation!$A$2:$A$11))} -> 1 | P63: 1 | Q63: 1 | R63: 0 | S63: 0 | T63: 1 | U63: 0 | V63: 0 | W63: 0 | X63: 0 | Y63: 1 | AA63: China | AB63: 3
A64: ESTUN | B64: Co-Palletizer 20 (Lift Type) | C64: https://en.estun.com/?list_191/1795.html | D64: Y | E64: N | M64: 1 | O64: {=INDEX(DataValidation!$B$2:$B$11, _xlfn.XMATCH(N64, DataValidation!$A$2:$A$11))} -> 0 | P64: 0 | X64: 0 | Y64: 1 | AA64: China | AB64: 2 | AC64: Y
A65: ESTUN | B65: Co-Palletizer 20 (Fixed type) | C65: https://en.estun.com/?list_191/1794.html | D65: Y | E65: N | M65: 1 | O65: {=INDEX(DataValidation!$B$2:$B$11, _xlfn.XMATCH(N65, DataValidation!$A$2:$A$11))} -> 0 | P65: 0 | X65: 0 | Y65: 1 | AA65: China | AB65: 2 | AC65: Y
A66: F&P Robotics | B66: P-Rob Eco | D66: N | E66: Y | F66: 26590 | H66: 16 | I66: 0.1 | J66: 5 | K66: 6 | L66: 900 | M66: 1 | N66: propr, open, mult | O66: {=INDEX(DataValidation!$B$2:$B$11, _xlfn.XMATCH(N66, DataValidation!$A$2:$A$11))} -> 3 | P66: 0 | Q66: 1 | R66: 0 | S66: 0 | T66: 1 | U66: 0 | V66: 0 | W66: 0 | X66: 0 | Y66: 2 | AA66: Switzerland | AB66: 3
A67: Fanuc | B67: CRX-5iA | C67: https://www.fanuc.co.jp/en/product/robot/f_r_collabo.html | D67: Y | E67: Y | F67: 32000 | H67: 25 | I67: 0.03 | J67: 5 | K67: 6 | L67: 994 | M67: 1 | N67: propr, open, mult | O67: {=INDEX(DataValidation!$B$2:$B$11, _xlfn.XMATCH(N67, DataValidation!$A$2:$A$11))} -> 3 | P67: 0 | Q67: 1 | R67: 0 | S67: 1 | T67: 1 | U67: 0 | V67: 0 | W67: 0 | X67: 0 | Y67: 2 | AA67: Japan | AB67: 3
A68: Fanuc | B68: CRX-10iA | D68: Y | E68: Y | F68: 37000 | H68: 40 | I68: 0.04 | J68: 10 | K68: 6 | L68: 1249 | M68: 1 | N68: propr, open, mult | O68: {=INDEX(DataValidation!$B$2:$B$11, _xlfn.XMATCH(N68, DataValidation!$A$2:$A$11))} -> 3 | P68: 0 | Q68: 1 | R68: 1 | S68: 1 | T68: 1 | U68: 1 | V68: 0 | W68: 1 | X68: 0 | Y68: 2 | AA68: Japan | AB68: 3
A69: Fanuc | B69: CRX-10iA/L | D69: Y | E69: Y | F69: 38500 | H69: 40 | I69: 0.04 | J69: 10 | K69: 6 | L69: 1418 | M69: 1 | N69: propr, open, mult | O69: {=INDEX(DataValidation!$B$2:$B$11, _xlfn.XMATCH(N69, DataValidation!$A$2:$A$11))} -> 3 | P69: 0 | Q69: 1 | R69: 1 | S69: 1 | T69: 1 | U69: 1 | V69: 0 | W69: 1 | X69: 0 | Y69: 2 | AA69: Japan | AB69: 3
A70: Fanuc | B70: CRX-20iA/L | D70: Y | E70: Y | F70: 45000 | H70: 41 | I70: 0.04 | J70: 20 | K70: 6 | L70: 1418 | M70: 1 | N70: propr, open, mult | O70: {=INDEX(DataValidation!$B$2:$B$11, _xlfn.XMATCH(N70, DataValidation!$A$2:$A$11))} -> 3 | P70: 0 | Q70: 1 | R70: 1 | S70: 1 | T70: 1 | U70: 1 | V70: 0 | W70: 1 | X70: 0 | Y70: 2 | AA70: Japan | AB70: 3
A71: Fanuc | B71: CRX-25iA | D71: N | E71: Y | F71: 52000 | H71: 135 | I71: 0.05 | J71: 30 | K71: 6 | L71: 1889 | M71: 1 | N71: propr, open, mult | O71: {=INDEX(DataValidation!$B$2:$B$11, _xlfn.XMATCH(N71, DataValidation!$A$2:$A$11))} -> 3 | P71: 0 | Q71: 1 | R71: 1 | S71: 1 | T71: 1 | U71: 1 | V71: 0 | W71: 1 | X71: 0 | Y71: 2 | AA71: Japan | AB71: 3
A72: Fanuc | B72: CRX-30iA | D72: Y | E72: Y | H72: 135 | I72: 0.05 | J72: 30 | K72: 6 | L72: 1756 | M72: 1 | N72: propr, open, mult | O72: {=INDEX(DataValidation!$B$2:$B$11, _xlfn.XMATCH(N72, DataValidation!$A$2:$A$11))} -> 3 | P72: 0 | Q72: 1 | R72: 1 | S72: 1 | T72: 1 | U72: 1 | V72: 0 | W72: 1 | X72: 0 | Y72: 2 | AA72: Japan | AB72: 3
A73: Flexiv | B73: Rizon 4 | D73: N | E73: Y | H73: 20 | I73: 0.05 | J73: 4 | K73: 7 | L73: 876 | M73: 1 | N73: propr | O73: {=INDEX(DataValidation!$B$2:$B$11, _xlfn.XMATCH(N73, DataValidation!$A$2:$A$11))} -> 1 | P73: 0 | Q73: 1 | R73: 0 | S73: 1 | T73: 0 | U73: 0 | V73: 0 | W73: 0 | X73: 0 | Y73: 1 | AA73: China | AB73: 3
A74: Hanwha Robotics | B74: HCR-14 | D74: N | E74: Y | H74: 42 | I74: 0.04 | J74: 14 | K74: 6 | L74: 1420 | M74: 1 | N74: propr | O74: {=INDEX(DataValidation!$B$2:$B$11, _xlfn.XMATCH(N74, DataValidation!$A$2:$A$11))} -> 1 | P74: 0 | Q74: 1 | R74: 1 | S74: 0 | T74: 1 | U74: 0 | V74: 0 | W74: 1 | X74: 0 | Y74: 2 | AA74: South Korea | AB74: 3
A75: Hyundai Robotics | B75: YL012 | D75: N | E75: Y | H75: 43 | I75: 0.1 | J75: 12 | K75: 6 | L75: 1350 | M75: 1 | N75: propr | O75: {=INDEX(DataValidation!$B$2:$B$11, _xlfn.XMATCH(N75, DataValidation!$A$2:$A$11))} -> 1 | P75: 0 | Q75: 1 | R75: 1 | S75: 1 | T75: 1 | U75: 1 | V75: 1 | W75: 1 | X75: 0 | Y75: 2 | AA75: South Korea | AB75: 3
A76: Hyundai Robotics | B76: YL005 | D76: N | E76: Y | H76: 27 | I76: 0.01 | J76: 5 | K76: 6 | L76: 916 | M76: 1 | N76: propr | O76: {=INDEX(DataValidation!$B$2:$B$11, _xlfn.XMATCH(N76, DataValidation!$A$2:$A$11))} -> 1 | P76: 0 | Q76: 1 | R76: 1 | S76: 1 | T76: 1 | U76: 1 | V76: 1 | W76: 1 | X76: 0 | Y76: 2 | AA76: South Korea | AB76: 3
A77: Hyundai Robotics | B77: YL015 | D77: N | E77: Y | H77: 42 | I77: 0.01 | J77: 15 | K77: 6 | L77: 963 | M77: 1 | N77: propr | O77: {=INDEX(DataValidation!$B$2:$B$11, _xlfn.XMATCH(N77, DataValidation!$A$2:$A$11))} -> 1 | P77: 0 | Q77: 1 | R77: 1 | S77: 1 | T77: 1 | U77: 1 | V77: 1 | W77: 1 | X77: 0 | Y77: 2 | AA77: South Korea | AB77: 3
A78: igus | B78: ReBeL-4DOF-02 | D78: N | E78: Y | F78: 4250 | H78: 6 | I78: 1 | J78: 3 | K78: 4 | L78: 495 | M78: 1 | N78: propr | O78: {=INDEX(DataValidation!$B$2:$B$11, _xlfn.XMATCH(N78, DataValidation!$A$2:$A$11))} -> 1 | P78: 0 | Q78: 1 | R78: 0 | S78: 0 | T78: 1 | U78: 0 | V78: 1 | W78: 1 | X78: 0 | Y78: 2 | AA78: Germany | AB78: 3
A79: igus | B79: ReBeL-4DOF-OS | D79: N | E79: Y | F79: 2900 | H79: 7 | I79: 1 | J79: 3 | K79: 4 | L79: 495 | M79: 1 | N79: open, mult | O79: {=INDEX(DataValidation!$B$2:$B$11, _xlfn.XMATCH(N79, DataValidation!$A$2:$A$11))} -> 3 | P79: 0 | Q79: 1 | R79: 0 | S79: 0 | T79: 1 | U79: 0 | V79: 1 | W79: 1 | X79: 0 | Y79: 2 | AA79: Germany | AB79: 3
A80: igus | B80: ReBeL-6DOF-02 | D80: N | E80: Y | F80: 4970 | H80: 8 | I80: 1 | J80: 2 | K80: 6 | L80: 664 | M80: 1 | N80: propr | O80: {=INDEX(DataValidation!$B$2:$B$11, _xlfn.XMATCH(N80, DataValidation!$A$2:$A$11))} -> 1 | P80: 0 | Q80: 1 | R80: 0 | S80: 0 | T80: 1 | U80: 0 | V80: 1 | W80: 1 | X80: 0 | Y80: 2 | AA80: Germany | AB80: 3
A81: igus | B81: ReBeL-6DOF-OS | D81: N | E81: Y | F81: 4200 | H81: 8 | I81: 1 | J81: 2 | K81: 6 | L81: 664 | M81: 1 | N81: open, mult | O81: {=INDEX(DataValidation!$B$2:$B$11, _xlfn.XMATCH(N81, DataValidation!$A$2:$A$11))} -> 3 | P81: 0 | Q81: 1 | R81: 0 | S81: 0 | T81: 1 | U81: 0 | V81: 1 | W81: 1 | X81: 0 | Y81: 2 | AA81: Germany | AB81: 3
A82: JAKA | B82: Zu 3 | C82: https://www.jakarobotics.com/de/jaka-zu | D82: Y | E82: N | F82: 16500 | H82: 12 | I82: 0.02 | J82: 3 | K82: 6 | L82: 626 | M82: 1 | N82: propr, mult | O82: {=INDEX(DataValidation!$B$2:$B$11, _xlfn.XMATCH(N82, DataValidation!$A$2:$A$11))} -> 2 | P82: 0 | Q82: 1 | R82: 0 | S82: 1 | T82: 1 | U82: 1 | V82: 0 | W82: 1 | X82: 0 | Y82: 2 | AA82: Germany | AB82: 3
A83: JAKA | B83: Zu 5 | D83: Y | E83: N | F83: 19000 | H83: 23 | I83: 0.02 | J83: 5 | K83: 6 | L83: 954 | M83: 1 | N83: propr, mult | O83: {=INDEX(DataValidation!$B$2:$B$11, _xlfn.XMATCH(N83, DataValidation!$A$2:$A$11))} -> 2 | P83: 0 | Q83: 1 | R83: 1 | S83: 1 | T83: 1 | U83: 1 | V83: 0 | W83: 1 | X83: 0 | Y83: 2 | AA83: Germany | AB83: 3
A84: JAKA | B84: Zu 7 | D84: Y | E84: N | F84: 19000 | H84: 22 | I84: 0.02 | J84: 7 | K84: 6 | L84: 819 | M84: 1 | N84: propr, mult | O84: {=INDEX(DataValidation!$B$2:$B$11, _xlfn.XMATCH(N84, DataValidation!$A$2:$A$11))} -> 2 | P84: 0 | Q84: 1 | R84: 1 | S84: 1 | T84: 1 | U84: 1 | V84: 0 | W84: 1 | X84: 0 | Y84: 2 | AA84: Germany | AB84: 3
A85: JAKA | B85: Zu 12 | D85: Y | E85: N | F85: 23500 | H85: 41.3 | I85: 0.03 | J85: 12 | K85: 6 | L85: 1327 | M85: 1 | N85: propr, mult | O85: {=INDEX(DataValidation!$B$2:$B$11, _xlfn.XMATCH(N85, DataValidation!$A$2:$A$11))} -> 2 | P85: 0 | Q85: 1 | R85: 1 | S85: 1 | T85: 1 | U85: 1 | V85: 0 | W85: 1 | X85: 0 | Y85: 2 | AA85: Germany | AB85: 3
A86: JAKA | B86: Zu 18 | D86: Y | E86: Y | F86: 24500 | H86: 35 | I86: 0.03 | J86: 18 | K86: 6 | L86: 1073 | M86: 1 | N86: propr, mult | O86: {=INDEX(DataValidation!$B$2:$B$11, _xlfn.XMATCH(N86, DataValidation!$A$2:$A$11))} -> 2 | P86: 0 | Q86: 1 | R86: 1 | S86: 1 | T86: 1 | U86: 1 | V86: 0 | W86: 1 | X86: 0 | Y86: 2 | AA86: Germany | AB86: 3
A87: JAKA | B87: Zu 3s | C87: https://www.jakarobotics.com/de/jaka-zu-s/ | D87: Y | E87: Y | F87: 22330 | H87: 12 | I87: 0.02 | J87: 3 | K87: 6 | L87: 626 | M87: 1 | N87: propr, mult | O87: {=INDEX(DataValidation!$B$2:$B$11, _xlfn.XMATCH(N87, DataValidation!$A$2:$A$11))} -> 2 | P87: 1 | Q87: 1 | R87: 0 | S87: 1 | T87: 1 | U87: 1 | V87: 0 | W87: 1 | X87: 0 | Y87: 2 | AA87: Germany | AB87: 3
A88: JAKA | B88: Zu 5s | D88: Y | E88: N | F88: 25310 | H88: 23 | I88: 0.02 | J88: 5 | K88: 6 | L88: 954 | M88: 1 | N88: propr, mult | O88: {=INDEX(DataValidation!$B$2:$B$11, _xlfn.XMATCH(N88, DataValidation!$A$2:$A$11))} -> 2 | P88: 1 | Q88: 1 | R88: 1 | S88: 1 | T88: 1 | U88: 1 | V88: 0 | W88: 1 | X88: 0 | Y88: 2 | AA88: Germany | AB88: 3
A89: JAKA | B89: Zu 7s | D89: Y | E89: N | F89: 25310 | H89: 22.3 | I89: 0.02 | J89: 7 | K89: 6 | L89: 819 | M89: 1 | N89: propr, mult | O89: {=INDEX(DataValidation!$B$2:$B$11, _xlfn.XMATCH(N89, DataValidation!$A$2:$A$11))} -> 2 | P89: 1 | Q89: 1 | R89: 1 | S89: 1 | T89: 1 | U89: 1 | V89: 0 | W89: 1 | X89: 0 | Y89: 2 | AA89: Germany | AB89: 3
A90: JAKA | B90: Zu 12s | D90: Y | E90: N | F90: 30300 | H90: 41.3 | I90: 0.03 | J90: 12 | K90: 6 | L90: 1327 | M90: 1 | N90: propr, mult | O90: {=INDEX(DataValidation!$B$2:$B$11, _xlfn.XMATCH(N90, DataValidation!$A$2:$A$11))} -> 2 | P90: 1 | Q90: 1 | R90: 1 | S90: 1 | T90: 1 | U90: 1 | V90: 0 | W90: 1 | X90: 0 | Y90: 2 | AA90: Germany | AB90: 3
A91: JAKA | B91: Zu 18s | D91: Y | E91: N | F91: 31310 | H91: 35.3 | I91: 0.03 | J91: 18 | K91: 6 | L91: 1073 | M91: 1 | N91: propr, mult | O91: {=INDEX(DataValidation!$B$2:$B$11, _xlfn.XMATCH(N91, DataValidation!$A$2:$A$11))} -> 2 | P91: 1 | Q91: 1 | R91: 1 | S91: 1 | T91: 1 | U91: 1 | V91: 0 | W91: 1 | X91: 0 | Y91: 2 | AA91: Germany | AB91: 3
A92: JAKA | B92: Ai 3 | C92: https://www.jakarobotics.com/de/jaka-all-in-one/ | D92: Y | E92: N | F92: 18430 | H92: 12 | I92: 0.02 | J92: 3 | K92: 6 | L92: 626 | M92: 1 | N92: propr, mult | O92: {=INDEX(DataValidation!$B$2:$B$11, _xlfn.XMATCH(N92, DataValidation!$A$2:$A$11))} -> 2 | P92: 1 | Q92: 1 | R92: 1 | S92: 1 | T92: 1 | U92: 1 | V92: 0 | W92: 1 | X92: 0 | Y92: 2 | AA92: Germany | AB92: 3
A93: JAKA | B93: Ai 5 | D93: Y | E93: N | F93: 20940 | H93: 23 | I93: 0.02 | J93: 5 | K93: 6 | L93: 954 | M93: 1 | N93: propr, mult | O93: {=INDEX(DataValidation!$B$2:$B$11, _xlfn.XMATCH(N93, DataValidation!$A$2:$A$11))} -> 2 | P93: 1 | Q93: 1 | R93: 1 | S93: 1 | T93: 1 | U93: 1 | V93: 0 | W93: 1 | X93: 0 | Y93: 2 | AA93: Germany | AB93: 3
A94: JAKA | B94: Ai 7 | D94: Y | E94: N | F94: 20940 | H94: 22.3 | I94: 0.02 | J94: 7 | K94: 6 | L94: 819 | M94: 1 | N94: propr, mult | O94: {=INDEX(DataValidation!$B$2:$B$11, _xlfn.XMATCH(N94, DataValidation!$A$2:$A$11))} -> 2 | P94: 1 | Q94: 1 | R94: 1 | S94: 1 | T94: 1 | U94: 1 | V94: 0 | W94: 1 | X94: 0 | Y94: 2 | AA94: Germany | AB94: 3
A95: JAKA | B95: Ai 12 | D95: Y | E95: Y | F95: 25440 | H95: 41.3 | I95: 0.03 | J95: 12 | K95: 6 | L95: 1327 | M95: 1 | N95: propr, mult | O95: {=INDEX(DataValidation!$B$2:$B$11, _xlfn.XMATCH(N95, DataValidation!$A$2:$A$11))} -> 2 | P95: 1 | Q95: 1 | R95: 1 | S95: 1 | T95: 1 | U95: 1 | V95: 0 | W95: 1 | X95: 0 | Y95: 2 | AA95: Germany | AB95: 3
A96: JAKA | B96: Ai 18 | D96: Y | E96: N | F96: 26450 | H96: 35.3 | I96: 0.03 | J96: 18 | K96: 6 | L96: 1073 | M96: 1 | N96: propr, mult | O96: {=INDEX(DataValidation!$B$2:$B$11, _xlfn.XMATCH(N96, DataValidation!$A$2:$A$11))} -> 2 | P96: 1 | Q96: 1 | R96: 1 | S96: 1 | T96: 1 | U96: 1 | V96: 0 | W96: 1 | X96: 0 | Y96: 2 | AA96: Germany | AB96: 3
A97: JAKA | B97: Pro 5 | C97: https://www.jakarobotics.com/de/jaka-pro/ | D97: Y | E97: N | F97: 20450 | H97: 23 | I97: 0.02 | J97: 5 | K97: 6 | L97: 954 | M97: 1 | N97: propr, mult | O97: {=INDEX(DataValidation!$B$2:$B$11, _xlfn.XMATCH(N97, DataValidation!$A$2:$A$11))} -> 2 | P97: 0 | Q97: 1 | R97: 1 | S97: 1 | T97: 1 | U97: 1 | V97: 0 | W97: 1 | X97: 0 | Y97: 2 | AA97: Germany | AB97: 3
A98: JAKA | B98: Pro 12 | D98: Y | E98: Y | F98: 23560 | H98: 41 | I98: 0.02 | J98: 12 | K98: 6 | L98: 1327 | M98: 1 | N98: propr, mult | O98: {=INDEX(DataValidation!$B$2:$B$11, _xlfn.XMATCH(N98, DataValidation!$A$2:$A$11))} -> 2 | P98: 0 | Q98: 1 | R98: 1 | S98: 1 | T98: 1 | U98: 1 | V98: 0 | W98: 1 | X98: 0 | Y98: 2 | AA98: Germany | AB98: 3
A99: JAKA | B99: Pro 16 | D99: Y | E99: N | F99: 26710 | H99: 73.9 | I99: 0.03 | J99: 16 | K99: 6 | L99: 1713 | M99: 1 | N99: propr, mult | O99: {=INDEX(DataValidation!$B$2:$B$11, _xlfn.XMATCH(N99, DataValidation!$A$2:$A$11))} -> 2 | P99: 0 | Q99: 1 | R99: 1 | S99: 1 | T99: 1 | U99: 1 | V99: 0 | W99: 1 | X99: 0 | Y99: 2 | AA99: Germany | AB99: 3
A100: JAKA | B100: MiniCobo | C100: https://www.jakarobotics.com/de/jaka-minicobo/ | D100: Y | E100: Y | F100: 6500 | H100: 9.4 | I100: 0.1 | J100: 1 | K100: 6 | L100: 580 | M100: 1 | N100: propr, mult | O100: {=INDEX(DataValidation!$B$2:$B$11, _xlfn.XMATCH(N100, DataValidation!$A$2:$A$11))} -> 2 | P100: 0 | Q100: 1 | R100: 0 | S100: 0 | T100: 1 | U100: 0 | V100: 0 | W100: 1 | X100: 0 | Y100: 2 | AA100: Germany | AB100: 3
...

Sheet ScoringCriteria
A1: Criteria | B1: Weight | C1: MAX | D1: Scoring-Formula | E1: Example
E2: Bad Val | F2: Good Val | G2: Bad Score | H2: Good Score
A3: Cost | B3: =1/7500 -> 0.00013333333 | C3: 50000 | D3: (MAX-VAL)*W | E3: 50000 | F3: 10000 | G3: =($C3-E3)*$B3 -> 0 | H3: =($C3-F3)*$B3 -> 5.3333333
A4: Robot Mass (kg) | B4: =1/25 -> 0.04 | C4: 100 | D4: (MAX-VAL)*W | E4: 80 | F4: 15 | G4: =($C4-E4)*$B4 -> 0.8 | H4: =($C4-F4)*$B4 -> 3.4
A5: Repeatability (±mm) | B5: 20 | C5: 0.1 | D5: (MAX-VAL)*W | E5: 0.1 | F5: 0.02 | G5: =($C5-E5)*$B5 -> 0 | H5: =($C5-F5)*$B5 -> 1.6
A6: Load Capacity (kg) | B6: =1/5 -> 0.2 | D6: VAL*W | E6: 5 | F6: 20 | G6: =E6*$B6 -> 1 | H6: =F6*$B6 -> 4
A7: Degrees of Freedom | B7: 0.5 | D7: VAL*W | E7: 4 | F7: 7 | G7: =E7*$B7 -> 2 | H7: =F7*$B7 -> 3.5
A8: Reach (mm) | B8: =1/300 -> 0.0033333333 | D8: VAL*W | E8: 400 | F8: 1400 | G8: =E8*$B8 -> 1.3333333 | H8: =F8*$B8 -> 4.6666667
A9: Number of Arms | B9: 1 | D9: VAL*W | E9: 1 | F9: 2 | G9: =E9*$B9 -> 1 | H9: =F9*$B9 -> 2
A10: Programming Methods | B10: 1 | D10: VAL*W (VAL=1 if prop;2 if open; +1 if mult) | E10: 1 | F10: 3 | G10: =E10*$B10 -> 1 | H10: =F10*$B10 -> 3
A11: Sensors | B11: 1 | D11: VAL*W (VAL=1 if any add. sensors) | E11: 0 | F11: 1 | G11: =E11*$B11 -> 0 | H11: =F11*$B11 -> 1
A12: Material Handling | B12: 1 | D12: VAL*W (VAL=1 if applicable) | E12: 0 | F12: 1 | G12: =E12*$B12 -> 0 | H12: =F12*$B12 -> 1
A13: Welding | B13: 1 | D13: VAL*W (VAL=1 if applicable) | E13: 0 | F13: 1 | G13: =E13*$B13 -> 0 | H13: =F13*$B13 -> 1
A14: Assembly | B14: 1 | D14: VAL*W (VAL=1 if applicable) | E14: 0 | F14: 1 | G14: =E14*$B14 -> 0 | H14: =F14*$B14 -> 1
A15: Dispensing | B15: 1 | D15: VAL*W (VAL=1 if applicable) | E15: 0 | F15: 1 | G15: =E15*$B15 -> 0 | H15: =F15*$B15 -> 1
A16: Processing | B16: 1 | D16: VAL*W (VAL=1 if applicable) | E16: 0 | F16: 1 | G16: =E16*$B16 -> 0 | H16: =F16*$B16 -> 1
A17: Service | B17: 0.5 | D17: VAL*W (VAL=1 if applicable) | E17: 0 | F17: 1 | G17: =E17*$B17 -> 0 | H17: =F17*$B17 -> 0.5
A18: Other Application | B18: 0.5 | D18: VAL*W (VAL=1 if applicable) | E18: 0 | F18: 1 | G18: =E18*$B18 -> 0 | H18: =F18*$B18 -> 0.5
A19: Degree of Anthropomorphism | B19: 2 | D19: VAL*W (VAL in range [0-2]) | E19: 0 | F19: 2 | G19: =E19*$B19 -> 0 | H19: =F19*$B19 -> 4
A20: Maturity | B20: 2 | D20: VAL*W (VAL in range [0-2]) | E20: 0 | F20: 2 | G20: =E20*$B20 -> 0 | H20: =F20*$B20 -> 4
D21: VAL = value for each cobot | F21: Total | G21: =SUM(G3:G20) -> 7.1333333 | H21: =SUM(H3:H20) -> 42.5
D22: W = weight

Sheet RawScoringCriteria
A1: Selection Criteria | B1: Sub-Criteria | C1: Exclude | D1: Reason for exclusion
A2: General and Physical | B2: Cost | C2: N
A3: General and Physical | B3: Robot Type | C3: Y | D3: only Cobots (according to inclusion-criteria) will be considered
A4: General and Physical | B4: Life Expectancy | C4: Y | D4: poor data availability
A5: General and Physical | B5: Warranty Period | C5: Y | D5: out of scope
A6: General and Physical | B6: Reliability | C6: Y | D6: out of scope
A7: General and Physical | B7: Vendors Service | C7: Y | D7: out of scope
A8: Static Performance Characteristics | B8: Robot Mass (kg) | C8: N
A9: Static Performance Characteristics | B9: Repeatability (±mm) | C9: N
A10: Static Performance Characteristics | B10: Load Capacity (kg) | C10: N
A11: Static Performance Characteristics | B11: Memory Capacity | C11: Y | D11: out of scope
A12: Static Performance Characteristics | B12: Positioning Accuracy | C12: Y | D12: out of scope
A13: Static Performance Characteristics | B13: Degrees of Freedom | C13: N
A14: Static Performance Characteristics | B14: Precision/Resolution | C14: Y | D14: out of scope
A15: Dynamic Performance Characteristics | B15: Vertical Reach (mm) | C15: Merge | D15: merged in "Reach (mm)"
A16: Dynamic Performance Characteristics | B16: Horizontal Reach (mm) | C16: Merge | D16: merged in "Reach (mm)"
A17: Dynamic Performance Characteristics | B17: Speed of Travel (J1) | C17: Y | D17: out of scope
A18: Dynamic Performance Characteristics | B18: Speed of Travel (J2) | C18: Y | D18: out of scope
A19: Dynamic Performance Characteristics | B19: Speed of Travel (J3) | C19: Y | D19: out of scope
A20: Dynamic Performance Characteristics | B20: Speed of Travel (J4) | C20: Y | D20: out of scope
A21: Dynamic Performance Characteristics | B21: Speed of Travel (J5) | C21: Y | D21: out of scope
A22: Dynamic Performance Characteristics | B22: Speed of Travel (J6) | C22: Y | D22: out of scope
A23: Robotic Architecture | B23: Arm Geometry | C23: Y | D23: out of scope
A24: Robotic Architecture | B24: Axis Motion Range (J1) | C24: Y | D24: out of scope
A25: Robotic Architecture | B25: Axis Motion Range (J2) | C25: Y | D25: out of scope
... A35: Operating Environment | B35: Safety Features | C35: Y | D35: Cobots must have built-in safety features; partly represented in "Sensors"
A36: Instrumentation and Control Systems | B36: Programming Methods | C36: N
A37: Instrumentation and Control Systems | B37: Man-Machine-Interface | C37: Y | D37: out of scope
A38: Instrumentation and Control Systems | B38: Type of Drive | C38: Y | D38: out of scope
A39: Instrumentation and Control Systems | B39: Control System | C39: Y | D39: out of scope
A40: Instrumentation and Control Systems | B40: Path Control System | C40: Y | D40: out of scope
A41: Instrumentation and Control Systems | B41: Sensors | C41: N
A42: Application | B42: Material Handling | C42: N
A43: Application | B43: Welding | C43: N
A44: Application | B44: Assembly | C44: N
A45: Application | B45: Dispensing | C45: N
A46: Application | B46: Processing | C46: N

Sheet DataValidation
A1: ProgMethods | B1: ProgScore | C1: Y/N
A2: propr, mult | B2: 2 | C2: Y
A3: propr, open, mult | B3: 3 | C3: N
A4: open, mult | B4: 3
A5: propr | B5: 1
A6: open | B6: 2
